,tweet,data,rt,quote
0,@Leo_TVeCinema @linndaquebrada @juliette amo as winners,2022-06-06 13:54:20+00:00,,
1,@camilodiniz existe outra forma de conseguir as garantias legais que um casamento d√° para um relacionamento?,2022-06-05 23:31:35+00:00,,
2,o que aconteceu que Anitta t√° t√£o triste e pedindo um milagre?,2022-06-05 23:26:16+00:00,,
3,@KiwiLover6 amigo se eu descobrir eu te falo,2022-06-05 15:53:11+00:00,,
4,CONSEGUI OS EPIS√ìDIOS DE TRIXIE MOTEL!,2022-06-05 15:47:37+00:00,,
5,"gente algu√©m me edifica com a fofoca do surub√£o no bar de cg, por favor!!!!",2022-06-05 15:42:51+00:00,,
6,@lifeoftophee @matheusnotwit @leiomy What was the add ons?,2022-06-04 16:17:41+00:00,,
7,"@samapios Se tiver vaga pra junior, to me formando esse semestre!",2022-06-03 21:22:05+00:00,,
8,"Me bateu uma curiosidade de saber pre√ßo de passagem/pacote de viagem internacional e eu estou chocado. Pq danado s√≥ sai voo internacional de S√£o Paulo??

Eu tenho certeza que para alguns destinos, se o voo sa√≠sse do nordeste ia ser bem mais r√°pido.",2022-06-03 15:05:16+00:00,,
9,"@matheusnotwit @leiomy Ele fez outra coisa errada, ou √© o de sempre mesmo?",2022-06-03 12:52:01+00:00,,
10,"A primeira semana malhando √© uma tortura, n√£o consigo mexer nenhuma parte do meu corpo direito",2022-06-01 13:02:35+00:00,,
11,@eduardopds Amigo t√¥ no mesmo barco,2022-05-30 14:25:34+00:00,,
12,"Eu num ligo em me acordar cedo n, mas comer a essa hora √© imposs√≠vel!",2022-05-30 10:11:41+00:00,,
13,Pense numa temporada ruim essa √∫ltima de Elite!,2022-05-29 02:22:14+00:00,,
14,"EU ODEIO ESSE CLIMA

Me d√° meus dias ensolarados de volta!!!!!!",2022-05-28 12:56:27+00:00,,
15,@talaritaa O tu ia fazer fazer na ufcg t√£o cedo num s√°bado?,2022-05-28 12:24:42+00:00,,
16,@M4dmari CARALHO!!!!! FICOU PERFEITA,2022-05-28 00:12:26+00:00,,
17,"Eu t√¥ chocado que a galera acha o Jo√£o Guilherme feio

Deve ser as mesmas pessoas que acham o Tom Holland bonito
Melhorem",2022-05-27 23:41:22+00:00,,
18,"@lukehxh Oh amigo e eu ainda vou entrar, √© surto e medo todo dia",2022-05-27 03:01:45+00:00,,
19,Essas demiss√µes me fizeram pensar em n√£o desistir mais do mestrado.,2022-05-26 23:37:07+00:00,,
20,"Quando chega a noite e eu preciso focar no tcc, eu tenho certeza que n aguento fazer o mestrado agr. N√£o tenho energia nem for√ßa pra isso.",2022-05-24 22:35:01+00:00,,
21,@HBOMaxBR quando que a segunda temporada de We're Here vai entrar para o cat√°logo?,2022-05-24 22:24:20+00:00,,
22,"A dengue atrapalhou o meu comeback para a vida fitness, mas da semana que vem n√£o passa",2022-05-24 00:17:25+00:00,,
23,@KiwiLover6 Eu fa√ßo a mesma coisa,2022-05-22 15:23:29+00:00,,
24,@matheusnotwit @NetflixBrasil Ai mulher ela de Lucifer √© tudo o que preciso!!!!,2022-05-16 22:50:35+00:00,,
25,@matheusnotwit @sandman_brasil Eu vou morrer at√© sair,2022-05-15 17:11:42+00:00,,
26,passei a noite com uma disserta√ß√£o pra come√ßar a ler pro meu tcc e fiquei o tempo todo discutindo as formalidades do final do curso (80% delas eu nem vou fazer),2022-05-11 01:56:58+00:00,,
27,LULA N√ÉO VAI RESOLVER O BRASIL!!!,2022-05-10 22:08:07+00:00,,
28,@iamthimartins GUY da gaga,2022-05-04 22:30:05+00:00,,
29,um muido desses por causa de um enfeite de parede,2022-05-04 22:09:48+00:00,,
30,"a chuva gongou muito o meu rol√™ na ufcg, mas eu voltarei",2022-05-02 19:36:02+00:00,,
31,@oleolacerda amigo compartilho da sua revolta,2022-05-02 19:32:31+00:00,,
32,ei chuva deixe eu bater minha perna de boa v√°,2022-05-02 16:13:45+00:00,,
33,"a pessoa sem aula nenhuma e trabalhando remotamente, organizei meu hor√°rio s√≥ pra bater perna na ufcg hoje de tarde",2022-05-02 15:13:45+00:00,,
34,Minha vida t√° sendo esperar o momento que verei isso https://t.co/gIRoVgZWon,2022-05-02 00:02:12+00:00,,https://twitter.com/sedderaside/status/1520855206254284802
35,"@tteusao vala amigo, ela abriu faz mais de um m√™s",2022-05-02 00:00:40+00:00,,
36,@tteusao ela √© perfeita por isso!!,2022-04-26 16:24:49+00:00,,
37,@matheusnotwit @kats_zamo o pior que tem foto comprovando isso,2022-04-26 16:20:44+00:00,,
38,"@Tatawerneck Mulher eu indo dormir e tu me respondendo, quem disse que eu consigo agr!",2022-04-21 03:02:18+00:00,,
39,@Tatawerneck A Pequena Lo,2022-04-21 02:57:08+00:00,,
40,@Podpah Rita Von hunty,2022-04-20 15:21:47+00:00,,
41,At√© que enfim a √∫ltima matr√≠cula!!!!! https://t.co/9Vn2vjHV6M,2022-04-19 11:26:47+00:00,,
42,"@clarabgs_ Todo mundo dan√ßando Tome Tome de 3:30 da manh√£ na frente de Edson, foi muito bom!!",2022-04-18 02:27:29+00:00,,
43,Pessoal de cg vcs conhecem algu√©m que venda e instale registro de fog√£o a g√°s?,2022-04-18 00:18:36+00:00,,
44,"@oleolacerda vala mulher, que amea√ßas s√£o essas",2022-04-13 01:58:58+00:00,,
45,@oleolacerda amigo t√¥ preparado pra voltar de 5 da manh√£ dessa vez,2022-04-13 01:55:04+00:00,,
46,@LittlePipica Usa papel alum√≠nio para agilizar o processo ai tu n√£o vai precisar fazer mais de uma vez e lascar o cabelo,2022-04-07 00:49:28+00:00,,
47,@mariaemduarda @matheusnotwit @gabriellimaxx_ V√° sonhando!!!,2022-04-06 14:38:34+00:00,,
48,@clarabgs_ @gabriellimaxx_ @matheusnotwit @pdroraposo A cal√∫nia a essa hr,2022-04-05 12:44:52+00:00,,
49,@luandecrystal @potyguarabardo @dannybondd Mulher tirasse o dia pra se atualizar nas m√∫sicas foi?,2022-04-05 12:13:14+00:00,,
50,@gabriellimaxx_ @matheusnotwit @pdroraposo A pobre da estudante universit√°ria passa por cada coisa,2022-04-05 12:12:02+00:00,,
51,sou ignorado demais pelo crush,2022-04-04 17:57:50+00:00,,
52,"Eu nunca vi um crime ser resolvido ou evitado pela pol√≠cia, mas posso listar in√∫meros cometidos por ela. A pol√≠cia tem que acabar sim https://t.co/E9pm6YRzUX",2022-04-04 15:18:56+00:00,,https://twitter.com/raxfaela/status/1510660696920530956
53,"@camilodiniz Isso √© maravilhoso, amo lan√ßar esse conceito",2022-04-04 12:09:53+00:00,,
54,"Se eu sobrevivi depois da noite de ontem, nada mais me derruba",2022-04-02 15:46:58+00:00,,
55,@vcsabequemponto Ai amiga que coisa maravilhosa!!!!!,2022-03-31 02:11:18+00:00,,
56,@guilhermecoelo Por favor me conta na dm,2022-03-29 00:38:56+00:00,,
57,gente e essa fofoca de AS? t√¥ pegando s√≥ os coment√°rios e nada da fofoca,2022-03-28 14:24:52+00:00,,
58,@exaustodesofrer Github? Amigo oq vc t√° fazendo com a sua vida? Fuja enquanto √© tempo,2022-03-26 01:42:51+00:00,,
59,@VictorHundo @samapios Muito orgulho disso!!,2022-03-25 18:23:57+00:00,,
60,@shantayficagayr Onde isso???????????,2022-03-25 02:14:12+00:00,,
61,"@lcnjnr Caramba, fez inveja e jogou na cara da gente a tranquilidade",2022-03-24 23:42:48+00:00,,
62,"@clarabgs_ V√° com calma, t√¥ no final de per√≠odo e perto do final do curso, sou popula√ß√£o de risco pra estresse kkkk!! Mas a gente ajeita essa cana de boas vindas ai",2022-03-24 00:22:48+00:00,,
63,"@clarabgs_ Eita arrasou, quando?",2022-03-24 00:19:33+00:00,,
64,@o_gabsferreira O lizeu,2022-03-23 23:31:41+00:00,,
65,"@clarabgs_ Pera, duas novidades incompletas na minha mesa, quero o resto da hist√≥ria!",2022-03-23 23:29:50+00:00,,
66,"Esse √© o meu principal ran√ßo com o tiktok, a galera faz tudo igual. Se uma coreografia viraliza √© tanto stories do mesmo jeito q eu nem imagino como fica o tiktok https://t.co/VkvsCgqXuo",2022-03-23 11:55:03+00:00,,https://twitter.com/dacota_monteiro/status/1506370534409482251
67,T√¥ pior q os recrutador de ti e n√£o t√¥ conseguindo candidato pra nenhuma dessas vagas https://t.co/Xt2zet1eFw,2022-03-23 11:52:18+00:00,,https://twitter.com/forapemer/status/1506317138059055111
68,O quanto fora da jossa realidade atual √© isso? Uma presidenta assistindo a apresenta√ß√£o de uma tese de doutorado sobre o golpe que sofreu https://t.co/eNU6FpBUfc,2022-03-23 11:45:28+00:00,,https://twitter.com/YMCBahia/status/1506393872947195904
69,mores do meu twitter qual linux vcs indicam que seja user friendly e n√£o seja o ubuntu?,2022-03-21 23:31:29+00:00,,
70,"@matheusnotwit Amigo quando eu vi a foto da senhora trabalhando com o pc ai, eu pensei nisso",2022-03-19 03:28:25+00:00,,
71,@assumpreto_ Os colecion√°veis do jovem adulto,2022-03-18 21:37:57+00:00,,
72,@lcnjnr E que email viu!!!!,2022-03-17 03:24:11+00:00,,
73,"@M4dmari Amiga aqui s√£o 2kg de peito, 4 kg de coxa e sobrecoxa e acho q 1.5kg e carne boy por m√™s. Mas n√£o como lingui√ßa ou salsicha aqui, s√≥ frango, boi e ovo.",2022-03-17 03:22:45+00:00,,
74,"@camilodiniz @weemuska entendi, mesmo assim muito obrigado @camilodiniz",2022-03-17 02:51:30+00:00,,
75,"Muito dif√≠cil conseguir estat√≠sticas de crimes contra a popula√ß√£o LGBTQIA+ cometidos em redes sociais

√â literalmente pro meu TCC",2022-03-16 01:45:08+00:00,,
76,A comunidade gay matou Paulo vaz,2022-03-15 00:07:03+00:00,,
77,Eu t√¥ tremendo em choque por causa da morte do Paulo.,2022-03-14 23:24:41+00:00,,
78,"por favor, algu√©m me conta essa fofoca",2022-03-14 17:21:39+00:00,,
79,"Aaa a vida adulta...
Terminei uma faxina bebendo vodka depois de ter trabalhado e agora t√¥ assistindo Friends ainda bebendo vodka",2022-03-12 01:41:53+00:00,,
80,@MatheuIan @clarabgs_ @Paulojoao976 @calmagalegaa @Renataexausta O incesto kkkkkkk,2022-03-11 17:12:30+00:00,,
81,"@assumpreto_ @MatheuIan @FelippeRegazio @JuselmaMarques @gabriellimaxx_ continua sendo de milh√µes, me casei com uma pessoa que se valoriza rapaz kkkkkkk",2022-03-11 17:03:51+00:00,,
82,@gabriellimaxx_ @MatheuIan @FelippeRegazio @assumpreto_ @JuselmaMarques vai te lascar kkkkkk,2022-03-11 17:00:30+00:00,,
83,"@MatheuIan @FelippeRegazio @assumpreto_ @JuselmaMarques @gabriellimaxx_ me lasquei, torcer pro mundo educar kkkkkk",2022-03-11 17:00:21+00:00,,
84,@FelippeRegazio @MatheuIan @assumpreto_ @JuselmaMarques @gabriellimaxx_ vou obedecer s√≥ pq meu tcc t√° gritando ali pra eu olhar pra ele kkkkk,2022-03-11 16:59:39+00:00,,
85,"Minha Twitter Fam√≠lia:
Pais: @MatheuIan @FelippeRegazio
C√¥njuge: @assumpreto_
Filhos: @JuselmaMarques @gabriellimaxx_

via https://t.co/tn6UrzJ0Js

‚†Ä https://t.co/AdlaOVn9N1",2022-03-11 16:55:29+00:00,,
86,"Eu t√¥ precisando urgentemente de terapia, mas a contrata√ß√£o n chegou ainda ent√£o vamos de torcer para n surtar at√© l√°",2022-03-11 16:22:35+00:00,,
87,@sinistramemes parece que essa galera t√° fazendo competi√ß√£o de quem consegue ter o pior vice,2022-03-11 00:02:26+00:00,,
88,@omrmatias Tenho que coletar umas menos diretas ent√£o,2022-03-08 12:47:07+00:00,,
89,@M4dmari Vou esperar ele vim pra cg e fa√ßo isso,2022-03-08 00:05:48+00:00,,
90,"Como n√£o ser direto demais sobre meu interesse pelo boy, mas n arrodear demais e acabar na friendzone?
Google pesquisar",2022-03-07 23:06:11+00:00,,
91,"@JuselmaMarques Eu fiz e tamb√©m n apareceu, mas eu vi uma pessoa falando nisso no Instagram e me assustei kkkkk",2022-03-07 02:02:36+00:00,,
92,Gente o Instagram t√° notificando quem tira print de stories agr????,2022-03-07 01:36:18+00:00,,
93,@Renataexausta Que? A nossa √∫nica op√ß√£o em festas kkkkk! Sempre estive no caminho certo,2022-03-04 11:48:24+00:00,,
94,"@kaiokmo Caralho, parab√©ns!!",2022-03-03 02:34:16+00:00,,
95,@samapios Eu acredito viu!,2022-03-02 23:06:30+00:00,,
96,"Vou postar uma mais bonitinha aqui, mas vou tirar agr üò≠üò≠üò≠ https://t.co/Ru1MB9N6BG",2022-03-02 22:25:39+00:00,,
97,T√¥ com pena de tirar agr https://t.co/bo1i92goeU,2022-03-02 22:24:03+00:00,,
98,Vamos proibir o carnaval e dar feriado para que as aglomera√ß√µes n√£o aconte√ßam... https://t.co/0ofmXY7TxX,2022-03-02 12:11:27+00:00,,https://twitter.com/Guerraider/status/1498949340492185605
99,Podem ir na frente l√° de casa em Olivedos esse final de semana e comprovar que isso √© verdade https://t.co/gixD6omPO8,2022-03-02 02:37:03+00:00,,https://twitter.com/Srtasocorr/status/1498807979130425347
100,"Eu concordo mais que tudo, mas o Rated R sempre ser√° o meu favorito!! https://t.co/HRflkrYxw6",2022-03-01 23:32:33+00:00,,https://twitter.com/RihannaNoBrasil/status/1498626100024459271
101,"T√° tudo muito esquisito.

T√¥ feliz pq Ross e Rachel deram o primeiro beijo.",2022-03-01 22:53:17+00:00,,
102,@oleolacerda Mulher conte a fofoca completa pelo amor deus!!!,2022-02-26 15:27:32+00:00,,
103,"olhe, uma palha√ßada esse neg√≥cio de 100 dias letivos nos pr√≥ximos per√≠odos da UFCG",2022-02-24 01:22:06+00:00,,
104,@assumpreto_ T√°s vindo pra cg? Quando?,2022-02-23 02:38:42+00:00,,
105,"EU TENHO A MESMA IDADE QUE OS PERSONAGENS DE FRIENDS NA 1¬™ TEMPORADA???

Isso explica muita coisa",2022-02-22 02:48:49+00:00,,
106,"@marcosbmf N√£o fa√ßo ideia, s√≥ sei que o nome dele era Ricardo",2022-02-22 01:15:57+00:00,,
107,"@Andersonfvidal N√£o, foi o √∫nico contra a resolu√ß√£o que foi aprovada hoje",2022-02-22 01:15:39+00:00,,
108,"@KiwiLover6 Juro, eu fiquei muito passado",2022-02-21 21:48:51+00:00,,
109,"Que surto √© essa reuni√£o extraordin√°ria do Colegiado Pleno da ufcg.

Entrei agr e vi uns professor dizendo que v√≠rus era um ser vivo igual uma bact√©ria, que a vacina cria novas cepas do virus ü§°",2022-02-21 21:15:02+00:00,,
110,"@MatheuIan Sim, o fogo foi muito alto",2022-02-21 17:52:33+00:00,,
111,"@clarabgs_ Amo demais a minha terrinha por isso, o metro quadrado t√° muito bem populado por gls",2022-02-21 02:02:29+00:00,,
112,Se tem uma coisa que eu queria q voltasse era o CU https://t.co/d0A7Lo7AXD,2022-02-21 01:47:52+00:00,,https://twitter.com/_Thaynha_/status/1495402279251365894
113,@matheusnotwit Amoo,2022-02-21 01:42:27+00:00,,
114,"@clarabgs_ Vala s√©rio? Eu t√¥ com um crush pesado nele, o narcisismo kkkk",2022-02-21 01:42:07+00:00,,
115,Eu odeio tanto que isso √© verdade e comum atualmente https://t.co/fi8lswzqIx,2022-02-20 23:43:33+00:00,,https://twitter.com/Mayanazatz/status/1485022845621182471
116,Estou viciado em Friends e me identificando muito com os personagens. Passado que eu t√¥ nesse momento da minha vida https://t.co/ZNtQEclA5z,2022-02-20 23:39:19+00:00,,
117,"Esse v√≠deo da Rita me fudeu todinho. A espetaculariza√ß√£o do sofrimento se tornou comum demais na minha de gente.  

RITUAIS DE SOFRIMENTO https://t.co/tUNlxMMxJR via @YouTube",2022-02-20 23:28:00+00:00,,
118,@maniacmadonna https://t.co/Wt9OXVqi30,2022-02-15 18:02:31+00:00,,
119,@assumpreto_ Eu nunca tenho filtro. √â autom√°tico reagir ou comentar o story na hora que eu vejo,2022-02-15 18:01:09+00:00,,
120,@pedrothnb ü§°,2022-02-14 22:30:22+00:00,,
121,a sensa√ß√£o de quase morte com o tanto de coisa que eu tenho que fazer da universidade,2022-02-12 14:23:26+00:00,,
122,"@ISSilva40 Sim sim sim, pense numas descri√ß√µes meia boca que eu dei pra aqueles grupos",2022-02-12 12:13:21+00:00,,
123,O orgulho que tenho de ser do mesmo pa√≠s que a @gloriagroove e a @pabllovittar n√£o est√° escrito!!,2022-02-11 15:41:53+00:00,,
124,"Janeiro de 2023, posse de @LulaOficial eu preciso ver a @gloriagroove cantando #VERMELHO em cima de uma pared√£o estrondando.",2022-02-11 15:35:30+00:00,,
125,@assumpreto_ O pior que eu achei parecido. Tom Holland √© feio,2022-02-05 21:51:39+00:00,,
126,"@carlyjr_ Kkkkkk n√£o amigo, esse neg√≥cio faz parte do conte√∫do que eu preciso estudar pro meu tcc",2022-02-02 01:57:49+00:00,,
127,Como eu vou alcan√ßar os objetivos do meu projeto Ser Padr√£o 2022 desse jeito,2022-02-02 01:56:36+00:00,,
128,O bbb vai fuder a minha rotina fitness de caminhar cedo,2022-02-02 01:55:48+00:00,,
129,@matheusnotwit A senhora gosta do golpe,2022-02-02 01:26:46+00:00,,
130,"@carlyjr_ Eu tenho q coletar os tweets da conta, ai ela n pode ser fechada. Depois eu coloco os tweets no modelo treinado e ele mostra quais foram considerados t√≥xicos.",2022-02-02 01:25:36+00:00,,
131,@viioloncella Ai mulher t√¥ virando esses estudantes de cc que passam o final de semana codando https://t.co/EMftvADCV3,2022-02-02 01:22:36+00:00,,
132,"@raynha_md realmente eu pensei que ia ser mais, eu vou estudar ele melhor ainda kkkkkkk",2022-02-02 00:17:40+00:00,,
133,"@raynha_md Perai que eu ainda tenho salva√ß√£o, foram 59/806",2022-02-02 00:13:05+00:00,,
134,Eu t√¥ gostando tanto de ci√™ncia de dados que n√£o sinto mais vontade de fazer as outras coisas da gradua√ß√£o,2022-02-02 00:12:01+00:00,,
135,Eu tava estudando as coisas pro meus tcc e fui testar um modelo que prediz se um texto em portugu√™s tem linguagem t√≥xica ou n√£o. Testei com os meus tweets e 59 fora considerados t√≥xicos. https://t.co/uZdgHR9C2f,2022-02-02 00:10:11+00:00,,
136,"@martalais_ Am√©m, que √≥dio dessa apresenta√ß√£o ser s√≥ depois das f√©rias. Era pra ele ter feito isso logo depois que a gente entregou as respostas.",2022-02-02 00:05:30+00:00,,
137,"Eu t√¥ com o conte√∫do de metodologia aberto a meia hora na minha frente e n quero relembrar essas respostas

Mas eu tenho que fazer isso pq posso apresentar amanh√£

Eu quero f√©rias!",2022-02-01 22:48:12+00:00,,
138,"@mariaemduarda @bondedagg @gloriagroove @sorrisomaroto Aaah mulher, se for a @gloriagroove eu aceito tudo",2022-02-01 22:18:00+00:00,,
139,"@LittlePipica √â maravilhoso n√© amigo, falar mexendo as m√£os vira um evento",2022-02-01 02:12:37+00:00,,
140,"Que m√∫sica maravilhosava vlh!! 

Set It Off - Projector (Official Music Video) https://t.co/B7KufXwHnV via @YouTube",2022-01-31 00:25:24+00:00,,
141,@mariaemduarda @vittorfernando Mulher eu num posso fazer nada,2022-01-29 22:29:22+00:00,,
142,@choquei Rodrigo com certeza,2022-01-27 00:11:47+00:00,,
143,"@guilhermecoelo Parece filme de terror de dem√¥nio

Amei!",2022-01-27 00:11:01+00:00,,
144,@alinadurso @MotorolaBR Meu sonho √© tablet desses!! As economias v√£o ter que vir ai,2022-01-27 00:10:11+00:00,,
145,Pqp kkkkkkkkkkkkkkkk https://t.co/zHbUwRXwxO,2022-01-26 02:50:41+00:00,,https://twitter.com/gelh0/status/1486165335443132417
146,@VictorHundo @caesiufcg Eita saudade!!!,2022-01-25 01:12:26+00:00,,
147,Vai ficar muito famoso agora sendo o primeiro eliminado,2022-01-24 03:52:05+00:00,,
148,"QUE AGONIA DESSE POVO QUERENDO ""SE INFORMAR"" PRA FAZER VT!!!!!!!",2022-01-24 02:44:57+00:00,,
149,Eu t√¥ perdendo a vontade de assistir o bbb pq t√¥ com abuso da maioria dos participantes,2022-01-24 02:17:26+00:00,,
150,"A gente deveria fazer mutir√£o pra colocar as m√∫sicas da Linn nos tops do spotify, dar um presente pra essa gata e t√° aguentando isso tudo no bbb",2022-01-23 11:56:08+00:00,,
151,Rodrigo ü§Æü§Æü§Æü§Æ,2022-01-22 01:41:07+00:00,,
152,E ainda vi um viado no Instagram dizendo pro povo parar de atacar a Eslov√™nia pq essas coisas devem ser explicadas de forma did√°tica. T√¥ s√≥ a Danny Bond homof√≥bica hoje,2022-01-21 15:26:49+00:00,,
153,"@dannybondd Mulher eu vejo um homem desse j√° vejo teus v√≠deos com um fac√£o na mal, √© a √∫nica solu√ß√£o para essa fuleragem",2022-01-21 15:24:33+00:00,,
154,Medo pq a expectativa t√° muito alta https://t.co/VRmJ9IYL2X,2022-01-21 15:23:08+00:00,,https://twitter.com/fonteanittabr/status/1484518279859294219
155,"E Rodrigo tamb√©m n fica atr√°s n, a cada 10 minutos t√° lembrando o povo que n√£o √© esses h√©tero top e usou a palavra traveco?? Se tu t√° fazendo quest√£o de abusar o brasil dizendo  que √© desconstru√≠do, pelo menos n saia do personagem!",2022-01-21 12:42:46+00:00,,
156,"Meu rabo com essa hist√≥ria que a gente tem que ser did√°tico. Autom√°tico gente? Voc√™ conhece a pessoa naquele dia se apresentando com ela e vc troca no autom√°tico??? Meu cu, foi transf√≥bica sim https://t.co/6NCmKKTaqR",2022-01-21 12:40:37+00:00,,https://twitter.com/comounagata/status/1484268179891400708
157,Parece que estou de ressaca da mudan√ßa,2022-01-20 13:58:33+00:00,,
158,@MatheuIan Quando sai?,2022-01-20 13:54:18+00:00,,
159,"Me acordei agora e parece que um trator passou cima de mim, fazer mudan√ßa √© a pior coisa no mundo",2022-01-20 10:27:43+00:00,,
160,"At√© que enfim, estou de volta em Campina Grande",2022-01-20 10:26:19+00:00,,
161,@talaritaa Mainha t√° fazendo isso a um m√™s,2022-01-18 14:12:08+00:00,,
162,@omrmatias Imposs√≠vel ser derrotado com uma pele dessas,2022-01-16 22:21:41+00:00,,
163,@luandecrystal Eu gritei com essa frase kkkkkk,2022-01-14 23:45:56+00:00,,
164,Minha gente cad√™ os camarotes????,2022-01-14 18:56:53+00:00,,
165,AMEI BARBIE!!!!,2022-01-14 00:11:01+00:00,,
166,"@wesmath3us Me lasquei, eu s√≥ n fumo cigarro de sabor",2022-01-12 21:23:29+00:00,,
167,AAAAAAAAAAAAAAAAAA https://t.co/wZyO9v2p6f,2022-01-12 01:12:54+00:00,,https://twitter.com/paramorebr/status/1480923143367757830
168,@SoftCircuits Uma maravilha üòÇüò¢üò≠,2022-01-10 23:55:13+00:00,,
169,Minha gente!!!!!! https://t.co/NUgVYSmT3d,2022-01-10 22:30:47+00:00,,https://twitter.com/borgesrick/status/1480567794240471043
170,"N√£o to querendo ir dormir, minhas f√©rias v√£o acabar quando eu for dormir",2022-01-10 02:36:10+00:00,,
171,Resumo do ep 1 https://t.co/0PxP9iR2Ul,2022-01-09 13:17:12+00:00,,https://twitter.com/BlairWarnher/status/1479909691484479488
172,@MatheuIan Esses jovens de hoje,2022-01-06 17:50:32+00:00,,
173,Pq a galera do twitter tem tanto √≥dio com relacionamento aberto ou rela√ß√µes n√£o monog√¢micas?,2022-01-06 16:01:38+00:00,,
174,üó£Ô∏èüó£Ô∏èüó£Ô∏èüó£Ô∏èüó£Ô∏è https://t.co/mmdHii5fBE,2022-01-06 12:02:52+00:00,,https://twitter.com/reidolfo/status/1478455658039189504
175,Eu acho o Instagram mais eficaz que o Tinder,2022-01-06 04:31:16+00:00,,
176,Ei minha gente vamo fazer mutir√£o pro Instagram mudar esse jeito de organizar os melhores amigos,2022-01-04 23:25:40+00:00,,
177,"@tteusao No geral a hbomax tem um dos melhores cat√°logos amigo, mas a netflix √© a que se garante mais nos originais",2022-01-04 19:54:29+00:00,,
178,@eduardopds Me coloquem!!!!,2022-01-04 19:52:51+00:00,,
179,Isso √© muito mentira no mundo gay https://t.co/V9vESMKA4X,2022-01-03 16:44:23+00:00,,https://twitter.com/escitaloprando/status/1477435749347774467
180,"@M4dmari Em 2022 eu vou fazer o mestrado

Ei pow esse teclado t√° sabendo demais da minha vida",2022-01-03 01:53:36+00:00,,
181,Que cana foi essa,2022-01-01 17:08:35+00:00,,
182,Parece que ainda t√¥ b√™bado,2022-01-01 14:28:10+00:00,,
183,Que √°lcool foi esse,2022-01-01 14:27:46+00:00,,
184,Eu estava at√© animado,2021-12-30 22:51:48+00:00,,
185,"Arrumaram um sin√¥nimo pra gay assumido hoje na pra√ßa:
-- GAY EXTERNA --",2021-12-29 02:55:37+00:00,,
186,@assumpreto_ N√£o suporto,2021-12-28 01:03:48+00:00,,
187,@omrmatias A morte,2021-12-28 01:02:54+00:00,,
188,Eu ainda n√£o entendi o que √© NFT,2021-12-28 00:25:36+00:00,,
189,@luandecrystal T√° vendo ai!!,2021-12-27 18:52:08+00:00,,
190,@luandecrystal Vai valer a pena amigo!!!,2021-12-27 16:31:46+00:00,,
191,Fazia tempo que eu bebia dois dias seguidos,2021-12-26 13:00:35+00:00,,
192,@oleolacerda Gato demais!!!!!,2021-12-25 19:48:46+00:00,,
193,@clarabgs_ O cidad√£o olivedense √© humilhado demais! Kkkkkkkkkk,2021-12-25 04:18:41+00:00,,
194,Eu at√© que t√¥ bonitin pro natal em fam√≠lia! https://t.co/BO8QYFOOkZ,2021-12-24 22:43:05+00:00,,
195,Radar vers√£o pagode √© uma perfei√ß√£o!!!!,2021-12-23 15:42:06+00:00,,
196,Obrigado @Ludmilla por me fazer gostar de pagode,2021-12-23 15:41:48+00:00,,
197,@EuWebe Tomara que venha essa nota mesmo,2021-12-23 15:40:50+00:00,,
198,E vamos de tcc sobre discurso de √≥dio no twitter,2021-12-23 11:02:59+00:00,,
199,PQP!!!!!!!!!!!!!! https://t.co/j5MZSoj2XQ,2021-12-22 16:47:16+00:00,,https://twitter.com/geekversez/status/1473685367597506563
200,t√¥ revendo o #IAMPABLLO,2021-12-21 23:59:10+00:00,,
201,"E de novo estamos na frente do computador, sem fome, sem sono, com tempo, as atividades e o conte√∫do abertos, mas nenhuma vontade de fazer alguma coisa dessa gradua√ß√£o.",2021-12-21 23:58:04+00:00,,
202,@oleolacerda @gabriellimaxx_ Com certeza kkkkkkkk,2021-12-20 16:55:07+00:00,,
203,"@luandecrystal Reassistir complica n√©, cad√™ o tempo pra isso ? Kkkk",2021-12-20 02:57:11+00:00,,
204,Eu funciono assistindo as temporadas uma atr√°s da outra,2021-12-20 01:45:38+00:00,,
205,"Eu sou p√©ssimo de lembrar as coisas da temporada passado para come√ßar uma nova
E esse resumo que a Netflix faz n me ajuda",2021-12-20 01:45:07+00:00,,
206,"Tom Holland √© muito talentoso, mas ele n√£o √© bonito vlh",2021-12-19 15:46:34+00:00,,
207,A vontade de beber passou kkkkkk,2021-12-18 22:38:05+00:00,,
208,"Eu n√£o comemorei ainda a aprova√ß√£o no mestrado vlh, acho que vou beber amanh√£ no Edson",2021-12-17 18:09:11+00:00,,
209,@assumpreto_ Eca vlh,2021-12-15 03:02:24+00:00,,
210,"Gente que loucura √© essa nessa internet brasileira hoje em ?
#IAMPABLLO  #FinalCorridaDasBogueiras #MasterChef",2021-12-15 02:00:31+00:00,,
211,@wesmath3us Am√©m!,2021-12-13 17:43:08+00:00,,
212,E o mestrado veio ai n√©!,2021-12-11 23:23:50+00:00,,
213,"@luandecrystal Pa√≠ses capitalistas defendendo a democracia, sempre bom dar uma risada de vez em quando",2021-12-10 17:55:45+00:00,,
214,Fundador de empresa especializada num assunto n√£o √© especialista nesse assunto. Ele √© especialista em como lucrar com isso,2021-12-10 17:50:28+00:00,,
215,E tbm nem sei se vai ser mais orientador,2021-12-08 23:03:41+00:00,,
216,Esse v√°cuo que t√¥ recebendo do orientador n √© um bom sinal,2021-12-08 23:03:18+00:00,,
217,"@M4dmari demais, eu fico insistindo nele, mas √© muito decep√ß√£o ali",2021-12-06 00:08:20+00:00,,
218,"@luandecrystal amigo, vcs dois s√£o uma incr√≠vel exce√ß√£o",2021-12-06 00:03:50+00:00,,
219,algum match no tinder de vcs j√° deu em alguma coisa?,2021-12-05 23:24:49+00:00,,
220,"Eu t√¥ com um bloqueio para leitura a mais de dois meses, miseric√≥rdia que coisa horr√≠vel.",2021-12-05 23:18:24+00:00,,
221,ASSISTI QUEEN OF THE UNIVERSE!!!!,2021-12-05 23:13:55+00:00,,
222,@luandecrystal Todas as nossas notas boas na gradua√ß√£o amigo,2021-12-04 13:25:10+00:00,,
223,@4n1t_4 Passado!! Vou atr√°s ent√£o,2021-12-04 13:24:16+00:00,,
224,@M4dmari Maravilhosa!!! Parab√©ns amg,2021-12-04 11:04:48+00:00,,
225,"@Renataexausta O do Canad√° eu t√¥ e estou amando horrores, mas o da It√°lia eu assisti s√≥ primeiro ep e n gostei",2021-12-04 02:06:17+00:00,,
226,"Algu√©m assina o Paramount+????
EU QUERO ASSISTIR QUEEN OF THE UNIVERSE!!!!!",2021-12-03 22:11:46+00:00,,
227,"Todo semestre vejo o quanto eu gosto de an√°lise de dados, aprendizagem de m√°quina e agr pln.
Mas passei 1 ano e meio trabalhando com sys adm e t√¥ desde abril trabalhando com desenvolvimento web.",2021-12-03 13:18:46+00:00,,
228,Que coisa dif√≠cil conseguir assistir o primeiro ep de queen of the universe,2021-12-03 12:26:42+00:00,,
229,"E essa m√∫sica da Cleo com a Mamacita, que perfei√ß√£o!!",2021-12-02 14:15:59+00:00,,
230,"Primeira vez q eu vi uma dancinha de tiktok e gostei

 Ser√° se o ran√ßo pel arede social t√° diminuindo?",2021-12-02 14:10:49+00:00,,
231,@tteusao Eita amigo,2021-12-02 09:44:29+00:00,,
232,@jescapalooza @lcnjnr √â um suco isso ai,2021-11-30 00:02:32+00:00,,
233,@omrmatias Tu √© maluco?? Eu encostei meu bra√ßo na parede e ia morrendo da dor,2021-11-29 23:59:37+00:00,,
234,@luandecrystal Vou comprar pelo menos umas almofadas e um tapete kkkkk,2021-11-29 14:42:31+00:00,,
235,@M4dmari Am√©m!!!!,2021-11-29 12:49:43+00:00,,
236,@martalais_ Am√©m,2021-11-29 01:31:45+00:00,,
237,T√¥ assistindo Cosmos desde tarde,2021-11-29 01:31:33+00:00,,
238,Assistir document√°rio me acalma demais,2021-11-29 01:31:17+00:00,,
239,"T√¥ toda hora pensando no ano que vem, ser√° se vai dar certo ir morar em cg? Ser√° se eu vou conseguir me sustentar com o sal√°rio que tenho agr? Vou conseguir comprar pelo menos um sof√° pra receber meu amigos?
Aff que agonia",2021-11-28 23:00:11+00:00,,
240,Eu s√≥ desejo que esses foguet√µes estorem na m√£o de algu√©m e essa pessoa perca a m√£o pro resto da vida,2021-11-27 22:44:42+00:00,,
241,At√© que enfim t√¥ gostando de uma aula s√≠ncrona,2021-11-23 17:52:03+00:00,,
242,Oh sofrimento essa aula vei,2021-11-22 17:36:08+00:00,,
243,A segunda dose da pfizer deu o nome com a rea√ß√£o viu,2021-11-21 12:57:42+00:00,,
244,Eu fiquei passado com a porcentagem da pureza https://t.co/mrEkbvKloO,2021-11-18 01:02:06+00:00,,
245,"N√£o estou disposto bancar ser padr√£o, √© muito caro",2021-11-14 23:22:29+00:00,,
246,O t√©dio bate as vezes t√£o forte q d√° um desespero,2021-11-14 23:18:16+00:00,,
247,@omrmatias E num acabou n? Passado!,2021-11-14 15:11:09+00:00,,
248,@ambarlucid Same girl,2021-11-12 23:57:08+00:00,,
249,Mas o filme √© muito bom!!!,2021-11-12 20:10:19+00:00,,
250,"Que tanto defeito nos efeitos/cgi de Shang Chi, eita Marvel t√°s come√ßando a economizar agr?",2021-11-12 19:09:09+00:00,,
251,A burocracia da ufcg as vezes faz vc perder a vontade de tudo,2021-11-09 16:17:30+00:00,,
252,Gente eu estou muito chocado,2021-11-05 20:56:58+00:00,,
253,"Como n√£o vim pro twitter s√≥ reclamar da vida?
Google pesquisar",2021-11-02 22:52:21+00:00,,
254,"cole isso no seu perfil e veja quantas pessoas: 

1: n√£o simpatizam com voc√™ 
2: te acham legal ou querem amigar
3: tem um crush em voc√™
4: te acham um psicopata",2021-11-02 22:47:11+00:00,,
255,"@oleolacerda @gabriellimaxx_ Eita amigo, t√¥ velha j√° pra isso kkkkkkk",2021-10-29 14:12:11+00:00,,
256,Algu√©m sabe quais s√£o as outras provedoras de internet de Olivedos?? Ou a Proxxima comprou todas pra terminar de estragar o meu ?,2021-10-28 13:45:48+00:00,,
257,"A pior empresa provedora de internet q j√° usei, pior atendente virtual, demora na resolu√ß√£o dos problemas. N√£o usem essa desgra√ßa de empresa. Proxxima lixo",2021-10-28 13:34:54+00:00,,
258,"Oh empresa bosta √© essa Proxxima, al√©m dos diversos problemas que tive com conex√£o agora o financeiro dessa merda n√£o funciona, cortando a internet mesmo o cliente pagando e demorando uma semana para resolver",2021-10-28 13:33:36+00:00,,
259,@samapios Eu me orgulho demais disso tudo,2021-10-27 00:20:49+00:00,,
260,"@eduardopds Eu ainda n paguei metodologia pq todo semestre ela d√° choque com alguma cadeira, ai agr faltando pouqu√≠ssimas pra pagar mudaram de novo e t√° dando choque com Projeto 2",2021-10-26 16:45:41+00:00,,
261,"Pqp vlh, como que uma cadeira do sexto per√≠odo d√° choque com tantas outras???????",2021-10-26 16:39:51+00:00,,
262,@VictorHundo @caesiufcg 4 anos???? Caramba!,2021-10-26 03:14:47+00:00,,
263,"@omrmatias Se tu achar me manda vlh, pq eu s√≥ fa√ßo reagir aos stories e sou um desastre",2021-10-26 03:13:32+00:00,,
264,"S√©rio mesmo, me convidem quero fazer uma maquiagem hehe https://t.co/LRFEZbMqzY",2021-10-25 02:46:42+00:00,,https://twitter.com/arcovrd/status/1452416713035747331
265,"Essa 10¬™ temporada foi a pior de American Horror Story, horr√≠vel",2021-10-25 02:09:03+00:00,,
266,@wesmath3us Tu sabe o motivo da press√£o n√©? Kkkkk,2021-10-23 18:42:11+00:00,,
267,@SoftCircuits O tema de Campelo sobre polariza√ß√£o nas redes sociais,2021-10-23 16:17:47+00:00,,
268,@guilhermecoelo Passado kkkkkk,2021-10-23 16:01:57+00:00,,
269,@Alana15Lima Mulher eu vou querer morrer,2021-10-23 16:01:38+00:00,,
270,O meu maior pesadelo e eu tenho certeza que vai rolar https://t.co/ga5APdl4X6,2021-10-23 00:28:15+00:00,,https://twitter.com/sarahfernanda/status/1451009503709835269
271,Ser√° se vou pegar o tema que eu quero para o mestrado?,2021-10-23 00:25:14+00:00,,
272,"@tteusao Amigo eu ontem e hoje, mas semana que vem farei a mesma coisa",2021-10-22 23:17:49+00:00,,
273,Quando o crush clica em crush na enquete que coloquei no insta e j√° acho q ele clicou sem querer ü§°ü§°ü§°,2021-10-22 23:16:42+00:00,,
274,Apaixonado por H.E.R.,2021-10-21 15:24:15+00:00,,
275,A expectativa que eu estou para essa novela/s√©rie t√° muito alta https://t.co/xPwBw9sque,2021-10-20 02:43:25+00:00,,https://twitter.com/globoplay/status/1450627496777551873
276,"@maniacmadonna A vontade √© grande, mas ser insistente √© t√£o chato 
A vida do boiola n √© f√°cil üò¢",2021-10-20 00:53:58+00:00,,
277,"@clarabgs_ N√£o amiga, eu literalmente j√° fui atr√°s e recebi um n√£o",2021-10-19 23:30:02+00:00,,
278,"E o crush nele ainda continua, mas j√° recebi o n√£o uma vez",2021-10-19 23:13:43+00:00,,
279,"E chegou o momento, oq fazer pro tcc????",2021-10-13 21:39:21+00:00,,
280,Mas... Finalizei tudo do per√≠odo. O pen√∫ltimo vem ai!!!!!,2021-10-13 21:35:45+00:00,,
281,Tenho medo de dizer q t√¥ de f√©rias antes de todas as notas sa√≠rem e o universo querer me fuder e jogar uma final nos meus peitos,2021-10-13 21:35:06+00:00,,
282,"E para  quem se interessar eu tentei analisar a influ√™ncia da vacina√ß√£o contra o covid no n√∫mero de mortes.

https://t.co/NjjMo2ghy2",2021-10-09 23:29:53+00:00,,
283,"TERMINEI O PROJETO, VOU BEBER EM EDSON!",2021-10-09 23:28:24+00:00,,
284,@cadelinhafenty4 Vamos ver se o Edson me ver√° hoje,2021-10-09 15:24:31+00:00,,
285,Se eu terminar esse projetod e cdd hoje eu vou beber a noite,2021-10-09 14:23:23+00:00,,
286,"Primeira vez na vida q fiquei com vergonha de ficar sem camisa na frente de algu√©m, o povo √© muito sem no√ß√£o falando do corpo dos outros",2021-10-09 12:35:37+00:00,,
287,Me perdi no personagem e estou estudando pra compiladores,2021-10-06 01:49:26+00:00,,
288,Ei galera deem uma moralzinha aqui pra n√≥s. Num instante vcs respondem esse form https://t.co/trNrHijLw3,2021-10-06 01:47:38+00:00,,https://twitter.com/_lucasmnf/status/1445440972276609026
289,"Quando vejo gente falando mal das produ√ß√µes audiovisuais brasileiras eu j√° penso:
""Colonizado de merda"".
Se liguem nessa thread e catem s√≥ alguns exemplos do quanto a cultura brasileira √© foda! https://t.co/oI8TJvWu8S",2021-10-04 13:43:36+00:00,,https://twitter.com/RoneyDoMonte/status/1444479235981258753
290,"@RoneyDoMonte @trut1nha Tem a s√©rie ""Ch√£o de Estrelas"" do canal Brasil. √â baseada no filme Tatuagem de Hilton Lacerda",2021-10-04 13:41:28+00:00,,
291,@oleolacerda T√¥ vendo ai amigo,2021-10-02 22:28:45+00:00,,
292,@oleolacerda Mulher a senhora t√° cheia dos mist√©rios essa semana,2021-10-02 14:42:53+00:00,,
293,"@tteusao Oh amigo, quantas vezes eu j√° n te disse isso",2021-10-01 15:46:44+00:00,,
294,A essa altura do campeonato viciado em Avril Lavigne de novo!,2021-09-29 14:09:35+00:00,,
295,Eu ainda n assisti um ep dessa nova temporada de American Horror Story,2021-09-28 22:22:35+00:00,,
296,"Esse v√≠deo me d√° uma paz vlh. Assistam!
https://t.co/hx8dIbNk2y",2021-09-28 22:17:01+00:00,,
297,"√â, acho que o lab vai ficar pra amanh√£",2021-09-28 00:46:53+00:00,,
298,"@exaustodesofrer @NetflixBrasil Amiga vc t√° criando mais espectativa em mim, eu s√≥ quero q tudo seja perfeito, vai virar minha s√©rie favorita com certeza",2021-09-25 22:50:09+00:00,,
299,"Eu chorei quando vi velho!!! T√° perfeito, @NetflixBrasil por favor n me decepcione https://t.co/uYcPN5arSB",2021-09-25 20:50:15+00:00,,https://twitter.com/NetflixGeeked/status/1441815015342891008
300,"Caro colega ""eu faria assim"" n √© motivo para mudar meu c√≥digo",2021-09-24 17:47:26+00:00,,
301,@judepaulla1 Renato,2021-09-23 16:45:32+00:00,,
302,"@juliobguedes Realmente isso t√° agravando, mas √© o jeito q a galera t√° usando o insta. Um monte de empreendedor ou um monte de gente igual.",2021-09-23 14:49:06+00:00,,
303,"@luandecrystal Aah amigo, o twitter √© transcendental, ele perpassa todas essas √©pocas",2021-09-23 13:00:13+00:00,,
304,"Quando o orkut ficou cagado a gente foi pro facebook, quando o facebook ficou cagado a gente foi pro instagram, agr q o instagram t√° ficando cagado eu n estou com a menor vontade de ir pro tiktok, como faz agr? 
Inventem outra rede q n seja t√£o chata",2021-09-23 11:28:17+00:00,,
305,A √∫ltima vez que eu me preocupei em editar fotos https://t.co/09IZJBHsRZ,2021-09-23 11:20:42+00:00,,https://twitter.com/ultrabatidao/status/1440694693390536719
306,"Sex Education tudo pra mim, que s√©rie perfeita, essa terceira temporada foi incr√≠vel",2021-09-23 03:12:11+00:00,,
307,@Bncall1 E tu mudou pra ela foi?,2021-09-21 10:35:22+00:00,,
308,"@luandecrystal √â de massa, t√¥ querendo investir na culin√°ria q programa√ß√£o t√° me estressando muito kkkk √â claro que √© de Italiano",2021-09-19 15:11:16+00:00,,
309,"@mylaura_m @caue_ce eu vi alguns coment√°rios, mas quem falou essa babaquice ?",2021-09-19 14:20:20+00:00,,
310,Algu√©m conhece um curso massa de italiano em campina grande?,2021-09-19 14:19:05+00:00,,
311,Isso sou eu todo dia quando pego task do front https://t.co/mVratPlxIi,2021-09-18 11:01:51+00:00,,https://twitter.com/towernter/status/1438373520833122307
312,"@LittlePipica Eu t√¥ muito passado kkkkkkk, todas tentativas de mudar de assunto e conseguir desenrolar a conversa kkkkkkk",2021-09-17 22:44:32+00:00,,
313,@oleolacerda S√≥ desastre,2021-09-16 11:02:14+00:00,,
314,"Parece q eu t√¥ seguindo no instagram um monte de empresa velho, todo mundo virou empreendedor. Um bucado de gente caindo na ideia de usar as redes sociais para ganhar dinheiro",2021-09-15 22:31:00+00:00,,
315,"@souproxxima Eu j√° liguei pra vcs, mas infelizmente continuo sem internet. Duas quartas seguidas perdendo coisas do trabalho por causa do servi√ßo p√©ssimo de vcs",2021-09-15 18:37:53+00:00,,
316,"@wesmath3us Liguei mulher, j√° saturei dessa atendente virtual, toda bugada",2021-09-15 18:13:49+00:00,,
317,"A Proxxima comprou a Ondanet s√≥ pra estragar o servi√ßo, internet caindo por horas toda semana, a pior atendente virtual que tive contato, n contratem essa empresa!!!",2021-09-15 18:06:03+00:00,,
318,A vontade de beber hoje igual um doido t√° grande,2021-09-11 19:41:56+00:00,,
319,@viioloncella amiga me passa,2021-09-10 18:37:17+00:00,,
320,@viioloncella Married and plastic surgery. O sugar daddy vem ai pra pagar as minhas pl√°sticas,2021-09-09 13:23:32+00:00,,
321,Me divertindo horrores com os erros de ingl√™s das manifesta√ß√µes ontem,2021-09-08 13:14:17+00:00,,
322,Infelizmente n t√¥ podendo pagar com dinheiro agr ent√£o ... https://t.co/vGiezSM1s5,2021-09-08 01:38:01+00:00,,https://twitter.com/marcoglnd/status/1435256843408973824
323,"@eduardopds Terminei os c√≥digos, meu c√©rebro parou antes de escrever os textos, vai ficar pra amanh√£",2021-09-08 01:37:02+00:00,,
324,"@eduardopds Eu vou falar exatamente isso, que n√£o d√° pra responder com p-valor",2021-09-07 22:26:14+00:00,,
325,"@eduardopds Amigo num √© pra fazer quase a mesma coisa do anterior, mas utilizando o p-valor, em vez do intervalo de confian√ßa?",2021-09-07 22:13:12+00:00,,
326,Vc fazer uma atividade atrasada e terminar com ela tendo mais de 700 linhas de c√≥digo √© a prova da tentativa de tortura,2021-09-07 01:19:03+00:00,,
327,"@MatheuIan Pois lascou, nunca funcionou ent√£o. Tenho que arrumar outra t√°tica",2021-09-06 20:22:58+00:00,,
328,Esse apag√£o por onde tanto?,2021-09-06 20:22:18+00:00,,
329,Reagir aos stories n conta como dar em cima n?,2021-09-06 14:57:30+00:00,,
330,"Eu fazendo o lab de cdd escutando m√∫sica no aleat√≥rio, do nada entra a m√∫sica nova de Taty girl e tenho q parar tudo pq me sinto num bar morto de b√™bado sofrendo por amor",2021-09-06 14:32:49+00:00,,
331,Fico dando close no Instagram depois fico com pregui√ßa de tirar a maquiagem https://t.co/lYjz1vjDOl,2021-09-06 02:51:25+00:00,,
332,Vi√∫va Ngera j√° come√ßa assim?,2021-09-06 00:48:13+00:00,,
333,"Ser√° se o meu gosto musical √© aleat√≥rio? Estou viciado nas m√∫sicas novas da Gaby Amarantos, Taty girl e Iggy Azalea",2021-09-05 22:00:39+00:00,,
334,Parece q a cada dia a agonia de n ver a galera s√≥ aumenta,2021-09-05 20:10:49+00:00,,
335,SIM!! https://t.co/E5wMCO3iZy,2021-09-05 19:58:35+00:00,,https://twitter.com/filhodaneuminha/status/1434540042010103813
336,Quando aperta eu recorro √† maquiagem e √† bebida pra me desestressar https://t.co/kr6PEFCMKG,2021-09-05 19:01:20+00:00,,
337,@wesmath3us Ele t√° mais que certo,2021-09-01 12:06:39+00:00,,
338,"@eduardopds eu vou lindamente atrasar a entrega desse, imposs√≠vel eu terminar todos os requisitos a tempo",2021-08-31 02:06:15+00:00,,
339,E vamos de assistir o Snider Cut depois de meses,2021-08-29 23:12:14+00:00,,
340,eu acho que eu n√£o consigo mais entrar em um relacionamento monog√¢mico,2021-08-29 19:43:07+00:00,,
341,De onde saiu tanto f√£ de Kanye West?,2021-08-29 19:18:49+00:00,,
342,Aproveitando o final de semana pra colocar as produ√ß√µes da Marel e da DC em dia,2021-08-29 15:53:10+00:00,,
343,Ei Aves de Rapina √© bom demais,2021-08-29 15:52:34+00:00,,
344,"Caralho, esse final de Loki",2021-08-29 00:42:11+00:00,,
345,"Loki √© bissexual?? Amei. ""A bit of both...""",2021-08-28 21:38:53+00:00,,
346,"@zabeullaaaa o aniversariante, o que pegou um homem e duas mulheres kkkkkk",2021-08-27 00:31:17+00:00,,
347,"Se vc se sente bem em expor sua orienta√ß√£o sexual, isso n√£o faz das pessoas que n se sentem assim babacas",2021-08-27 00:29:07+00:00,,
348,"Eu ainda sou a favor do Max de Itaporanga, senti que o de Patos for√ßou uma sa√≠da do arm√°rio ai q foi bem escrota da parte dele",2021-08-27 00:28:11+00:00,,
349,@omrmatias lindo e vacinadoo üòçüòçüòçüòç,2021-08-27 00:27:26+00:00,,
350,Eu sou time Itaporanga,2021-08-26 21:46:40+00:00,,
351,@eduardopds Inventor da bissexualidade kkkkkkkkkk,2021-08-26 21:44:52+00:00,,
352,"Essa dos max¬≤ alegrou a minha manh√£, gente eu queria q esses fossem os problemas da comunidade gls, a vida da gente ia ser bem mais f√°cil",2021-08-26 14:28:05+00:00,,
353,"@eduardopds Eu quero n passar pela press√£o, faltam uns dois meses pra come√ßar ptcc, ai quero pensar logo nisso",2021-08-25 15:43:44+00:00,,
354,O que diabo eu vou fazer pro tcc???????,2021-08-25 13:05:30+00:00,,
355,"Eu organizo minha rotina pra ter tempo de estudar para pr√≥ximas provas e quando chega no hor√°rio que reservei pra estudar eu quero fazer qualquer coisa, menos assistir v√≠deo de compiladores",2021-08-24 23:55:43+00:00,,
356,@wesmath3us @carlyjr_ num entendi o ataque duas vezes no mesmo dia,2021-08-24 20:19:56+00:00,,
357,"@wesmath3us @carlyjr_ √© pq eu mudo de personalidade quando t√¥ em Olivedos, deixe eu voltar pra CG pra vc ver",2021-08-24 14:36:31+00:00,,
358,"@mattsandria certo amigo, vou ajeitar os contatos",2021-08-24 14:35:32+00:00,,
359,"@carlyjr_ @wesmath3us e agr vcs est√£o descobrindo o real motivo de eu ter parado de morar com essa bicha, t√≥xica demais comigo,  logo eu um anjo kkkkkk",2021-08-24 14:23:18+00:00,,
360,"@wesmath3us vichi bicha, me deixa querer pelo menos kkkkkkk",2021-08-24 14:10:35+00:00,,
361,"@wesmath3us nam amigo, quero nada virtual n√£o",2021-08-24 14:03:35+00:00,,
362,"@tteusao brasileiro tbm, eu vi gente de 20 anos na fila da vacina elogiando os estados unidos",2021-08-24 14:02:30+00:00,,
363,"@MatheuIan Isso √© frequente e j√° aconteceu com diversos amigos meus, mas taca o foda-se amigo, literalmente. E sempre deixe um neg√≥cio bem claro na sua cabe√ßa: voc√™ n √© respons√°vel pelo pensamento que os outros tem de voc√™",2021-08-24 14:01:24+00:00,,
364,queria arrumar um namorado gringo pra treinar meu ingl√™s,2021-08-24 13:37:59+00:00,,
365,Eu querendo voltar pra academia e o covid comendo no centro em Olivedos,2021-08-24 11:54:15+00:00,,
366,"n√£o d√° para eu seguir qualquer pessoa q eu n√£o tenha intimidade, a pessoa posta uma indireta ou s√≥ o come√ßo da fofoca e eu n tenho coragem de perguntar sobre o resto da hist√≥ria",2021-08-24 00:26:30+00:00,,
367,"""Como conhecer pessoas online, odiando redes sociais"" google pesquisa",2021-08-24 00:23:25+00:00,,
368,T√° complicado,2021-08-23 11:42:39+00:00,,
369,@LittlePipica Vala amigo oq houve kkkkk?,2021-08-02 23:10:22+00:00,,
370,"Era para ser somente 15 dias de pandemia e eu:

- voltei pra casa dos meus pais
- fiz 4 tatuagens
- troquei de projeto
- deixei meu cabelo crescer
- engordei +- 20 kg https://t.co/2pS867xy37",2021-08-02 23:09:56+00:00,,https://twitter.com/74grabowski/status/1422151760697827333
371,A fofoca move o mundo,2021-08-02 01:07:54+00:00,,
372,"@morrergo N√£o importa o que vc fez, quando querem vim com essa conversa at√© o ar q vc respira √© motivo",2021-07-25 23:40:14+00:00,,
373,"@nubank eu entrei, pelo visto o problema n√£o √© com o servi√ßo de streaming n",2021-07-23 13:25:57+00:00,,
374,"Fui todo animado assinar a hbo max e o @nubank me gongou, pq me odeia tanto??",2021-07-23 01:19:19+00:00,,
375,@LittlePipica √â pro resto da vida mesmo?,2021-07-23 00:00:20+00:00,,
376,Viciado na Ambar Lucid,2021-07-19 01:22:59+00:00,,
377,Duas imagens que ilustram muito bem o capitalismo https://t.co/hJW93QZra4,2021-07-19 01:22:38+00:00,,https://twitter.com/o_jurunense/status/1416442118470578176
378,"Vlh s√©rio que tiraram uma m√∫sica de Pabllo na metade l√° em Edson. A pessoa de casa escutando Pabllo tocar no bar e  o pessoal tira no meio, sem paci√™ncia para essas babaquices desse bar viu",2021-07-18 01:47:06+00:00,,
379,@paprikathan Essa cor √© perfeita,2021-07-16 23:37:10+00:00,,
380,"Velho assistam esse v√≠deo sobre o racismo em RPDR
https://t.co/zu9KlXzw8L",2021-07-12 02:36:21+00:00,,
381,Eu ia estudar e acabei me maquiando https://t.co/s09ZaZaXhL,2021-07-11 16:13:43+00:00,,
382,Consegui caralho!!!!!!,2021-07-11 13:52:27+00:00,,
383,"Acordar no domingo de manh√£ e ir fazer um gr√°fico de barras no rstudio q vc desistiu na noite passada, minha vida √© muito legal hehe",2021-07-11 12:55:04+00:00,,
384,@emanarmoura üòçüòçüòçüòç,2021-07-09 11:08:37+00:00,,
385,@omrmatias Oh quem fala üòçüòç,2021-07-09 11:08:17+00:00,,
386,@oleolacerda üòòüòòüòò,2021-07-09 11:07:52+00:00,,
387,@_sergioduarte üî•üî•üòò,2021-07-09 02:15:16+00:00,,
388,@mateusrangel0 üî•üî•üî•,2021-07-09 00:29:27+00:00,,
389,@viioloncella üòòüòòüòçüòçüòç,2021-07-08 22:16:47+00:00,,
390,Tirar o aparelho √© a melhor sensa√ß√£o do mundo https://t.co/yoshIsGLEY,2021-07-08 20:50:36+00:00,,
391,@Eu_Diogoo Na m√°quina virtual ou na tua m√°quina mesmo?,2021-07-08 20:49:40+00:00,,
392,@MatheuIan Por algum milagre eu nem comecei Loki e n peguei spoiler ainda,2021-07-08 12:25:37+00:00,,
393,@Eu_Diogoo Deu certo amigo? Se precisar de ajuda pode me chamar,2021-07-08 12:24:52+00:00,,
394,Esse ep de RPDR saindo de madrugada fica dif√≠cil ficar longe de spoiler,2021-07-08 12:19:25+00:00,,
395,"@tteusao Ah quenga, mulher tu t√° falando de quem louca?",2021-07-07 23:04:35+00:00,,
396,"Ei vcs de computa√ß√£o que tem como hobby programar, when did the hurt begin?",2021-07-06 01:34:58+00:00,,
397,ATEN√á√ÉO!! √â PRO TCC DA MINHA AMIGA! https://t.co/NT9PHd4COe,2021-07-06 01:03:51+00:00,,https://twitter.com/gabriellimaxx_/status/1412200702248685568
398,@na_emys @sozinharocha A solu√ß√£o vai ser criar outro discord s√≥ pra essas fofocas kkkkk,2021-07-05 18:19:34+00:00,,
399,@74grabowski @iel0ww Ei @iel0ww bora atualizar a gente ae,2021-07-05 11:51:10+00:00,,
400,@oleolacerda @Rick_thenbhd Ei realmente at√© eu tava l√° ontem kkkkkk,2021-07-05 02:56:07+00:00,,
401,"Ei eu t√¥ precisando me atualizar dos namoros da galera de cc, uns acabaram , uns iniciaram üòè",2021-07-05 01:56:49+00:00,,
402,"@mattsandria Amigo n brinque com o meu cora√ß√£o, onde q t√° isso?????",2021-07-03 00:20:42+00:00,,
403,"+Continuem verificando qual o plano de governo melhor, se √© o de Ciro ou o de Lula, que a gente vai dar uma voltinha e parar no mesmo canto",2021-07-02 19:53:39+00:00,,
404,Eu n tenho mais esperan√ßa no Brasil. Mesmo depois de toda essa desgra√ßa tem gente ainda achando que pol√≠tica √© s√≥ elei√ß√£o e fazendo planos para o ano que vem.+,2021-07-02 19:52:32+00:00,,
405,@EuWebe Ai arrasou vlh!!! üëèüëè‚ù§Ô∏è,2021-07-02 18:50:07+00:00,,
406,@_sergioduarte @martalais_ √â perfeito!!! Muito bom mesmo,2021-07-01 00:09:31+00:00,,
407,@cadelinhafenty4 Eu fiquei passado quando soube disso,2021-07-01 00:08:47+00:00,,
408,Nunca achei q rock em Italiano seria a coisa mais linda que j√° escutei na vida,2021-06-30 22:30:33+00:00,,
409,Mais claro que me apaixonei pela banda somente pela m√∫sica maravilhosa https://t.co/rdke6AP5BK,2021-06-30 22:29:26+00:00,,
410,I WANNA BE YOUR SLAVE √© magn√≠fica,2021-06-30 22:23:41+00:00,,
411,Vlh descobri Maneskin hoje e n√£o consigo parar de escutar,2021-06-30 22:23:16+00:00,,
412,Nem um pouquinho!! Pqp que perfei√ß√£o @dudabeat,2021-06-30 15:38:48+00:00,,
413,Me senti muito baby boomer falando friend zone,2021-06-30 02:45:35+00:00,,
414,O pior q ainda tenho um crush nele,2021-06-30 02:43:40+00:00,,
415,"Recebo um fora e depois viro amigo do boy, nam vlh essa rota pra friend zone j√° t√° conhecida demais",2021-06-30 02:43:22+00:00,,
416,"@viioloncella Vou pedir sim, a atividade de sexta fui tentar adiantar e n passei do import",2021-06-30 02:19:36+00:00,,
417,@mattsandria Vou tentar amanh√£ mesmo,2021-06-30 02:18:52+00:00,,
418,"Deu de estresse por hoje, vou continuar a ler Dr√°cula",2021-06-30 01:09:34+00:00,,
419,"A pessoa todo animado pra fazer atividade de cdd, leva uma rasteira do RStudio e t√° a mais de uma hora tentando rodar um import, desisto",2021-06-30 01:07:41+00:00,,
420,"@wesmath3us @RaJahOHara @thatonequeen Bicha isso num √© verdade n, foi pq Bob disse q queria ver eles dois trasando",2021-06-29 12:22:37+00:00,,
421,@alifedejao Claro que n√£o,2021-06-28 22:36:54+00:00,,
422,PQP!!!!!! https://t.co/k0EqwkRa9m,2021-06-27 23:29:48+00:00,,https://twitter.com/rdtmidia/status/1409259596938682375
423,Gente q hist√≥ria √© essa de sororidade com a Zambelli????,2021-06-27 21:17:37+00:00,,
424,Ver pessoas com √≥dio do capitalismo e debatendo um mundo que quero viver √© revigorante,2021-06-27 21:08:01+00:00,,
425,"Eu tava estressado, sem querer ler nada, assistir nada, nem estudar. Para me acalmar eu fui assistr o Boteco Comunista, t√° funcionando!",2021-06-27 21:07:16+00:00,,
426,Essa quarentena veio pra acabar com o resto de sa√∫de de quem n gosta de se comunicar virtualmente,2021-06-27 19:20:46+00:00,,
427,"Meus dias est√£o todo iguais, muito agoniante",2021-06-27 17:23:20+00:00,,
428,Eu amo o conceito da gay n√£o padr√£o desconstru√≠da que s√≥ pega gay padr√£o,2021-06-27 14:55:17+00:00,,
429,J√° t√¥ vendo uma botas cano alto batendo no cuz√£o da @pabllovittar e ela dan√ßando zapzumzumzumüé∂ #BatidaoTropical,2021-06-25 00:46:25+00:00,,
430,"Vou pedir pra Edson abrir o bar, vou chegar com um carro de som pra escutar #Batid√£oTropical o resto da noite",2021-06-25 00:40:09+00:00,,
431,Gente vcs conseguem imaginar as performances dessas m√∫sicas! √â s√≥ oq eu t√¥ pensando agr #BatidaoTropical,2021-06-25 00:31:28+00:00,,
432,EU TO GRITANDO COM ESSA PERFEI√á√ÉO! https://t.co/yzRoYO3nTI,2021-06-25 00:30:06+00:00,,https://twitter.com/pabllovittar/status/1408220144019685377
433,"Pqp!!!!!! A melhor, a mais inteligente, a mais talentosa! Brigado @pabllovittar por existir #BatidaoTropical https://t.co/dRZdePldIA",2021-06-25 00:22:58+00:00,,https://twitter.com/pabllovittar/status/1408218385801003008
434,Triste com T √© perfeita! J√° vejo Mara Pavanelly e Taty Girl catando ela #Batid√£oTropical,2021-06-25 00:19:09+00:00,,
435,@pabllovittar me d√° motivo de ter orgulho de ser brasileiro #BatidaoTropical,2021-06-25 00:17:37+00:00,,
436,As expectativas est√£o altas num n√≠vel vlh! E depois que vi a tracklist quase chorei! https://t.co/POPYzDNYV6,2021-06-24 23:45:56+00:00,,https://twitter.com/pabllovittar/status/1408205737218785280
437,O tt inteiro mandando olhar a lua e em Olivedos super nublado,2021-06-24 22:47:22+00:00,,
438,"@SoftCircuits @zenanzao @zenanzao meu eterno buddie, bem que eu queria q fosse Renan",2021-06-24 15:35:30+00:00,,
439,E vamos de trabalhar com gente q n gosto,2021-06-24 13:15:22+00:00,,
440,Que tortura,2021-06-23 12:19:43+00:00,,
441,A galera realmente quer continuar o hist√≥rico racista dessa cidade n√©,2021-06-04 13:12:28+00:00,,
442,Passado que a bicha mais branca que um saco de farinha foi aprovada na universidade usando cota racial,2021-06-04 13:11:40+00:00,,
443,√â errado assistir #Castlevania e concordar com Dr√°cula?,2021-05-29 14:28:42+00:00,,
444,A gente tenta n√©,2021-05-27 03:36:07+00:00,,
445,@mateusrangel0 Eu comcei a usar creme de pentear para cachos. Acho que qualquer produto finalizador de cachos funciona,2021-05-26 02:20:55+00:00,,
446,"@mateusrangel0 Eu vou na hora üòèüíÉ, se liga como t√° https://t.co/LXfkyjKjZ3",2021-05-26 02:17:13+00:00,,
447,@juliobguedes Azul hort√™nsia da Risque √© o meu favorito,2021-05-26 00:44:47+00:00,,
448,vlh ter come√ßado a usar produto para cabelo cacheado/ondulado foi a melhor coisa que fiz no meu m√™s,2021-05-26 00:42:15+00:00,,
449,agora que paguei todas as cadeiras voltarei para essa rede amig√°vel e de poucas fofocas,2021-05-25 14:44:11+00:00,,
450,DENALIIIIIIIIIII  #DragRace,2021-04-17 01:07:32+00:00,,
451,The worst reunited ever #DragRace,2021-04-17 00:30:59+00:00,,
452,√© s√©rio que n√£o teremos o top4 no reunited?,2021-04-17 00:27:19+00:00,,
453,O twitter caiu bem na hora que ia reclamar desse reunited,2021-04-17 00:27:03+00:00,,
454,@wesmath3us @shantayficagay @exaustodesofrer @jadysjose Aleluia,2021-04-08 20:16:22+00:00,,
455,O pai do Rodolffo #ForaRodolffo https://t.co/HOsBnzxSkT,2021-04-06 03:16:28+00:00,,
456,Vlh como que uma pessoa fala um neg√≥cio desses #ForaRodolffo,2021-04-06 02:37:32+00:00,,
457,Gente racista e homof√≥bico tem q sair #FORARODOLFO,2021-04-05 02:52:35+00:00,,
458,Quero campanha de todo mundo agr #FORARODOLFO,2021-04-05 02:50:01+00:00,,
459,"@wesmath3us @portallegendary @jadysjose @exaustodesofrer Vlh se isso for mentira do 1th abril eu vou ter raiva, mexeu com meu sonho",2021-04-01 17:27:43+00:00,,
460,@wesmath3us @shantayficagay Nam home kkkkkk,2021-03-29 16:28:30+00:00,,
461,@LittlePipica Veio ai????,2021-03-25 20:18:00+00:00,,
462,Eu queria entender pq o clima de Olivedos √© t√£o diferente do de Campina,2021-03-08 17:55:57+00:00,,
463,E vamos tentar novamente com o twitter,2021-03-08 17:29:38+00:00,,
464,"Uma das semanas mais estressantes do ano, √≥timo jeito de come√ßar o per√≠odo na pr√≥xima",2021-02-17 15:03:38+00:00,,
465,"@victoralmeidap Nam miseric√≥rdia, rodolfo muito homof√≥bico",2021-02-16 02:28:21+00:00,,
466,Agora √© tirar o microbiano,2021-02-08 03:10:51+00:00,,
467,Meu amigo a √∫nica chance do 17 se redimir pqp,2021-02-08 03:08:54+00:00,,
468,Alguem marca o Boninho ae https://t.co/cgjIZWWYSQ,2021-02-08 00:32:02+00:00,,https://twitter.com/AssimFalouLucas/status/1358443564875870213
469,Siim e sem falar do Rodolfo que t√° se mostrando um homof√≥bico de merda,2021-02-08 00:28:44+00:00,,
470,Eu quero lembrar que fazer s√≥ a Karol e Lumena perderem seguidores e fechar os olhos pro Probosta e o Nego di √© machismo t√° https://t.co/Lbn9Kl013f,2021-02-08 00:27:06+00:00,,https://twitter.com/whomath/status/1358458741809684481
471,"Eu falei desde o come√ßo, lembrem desse nojento!!! Quem tava torcendo para ele ficar no pared√£o, j√° se arrependeu??? https://t.co/QECnAkzMrf",2021-02-07 15:51:51+00:00,,https://twitter.com/RealitysVip/status/1358412980392714240
472,"Gente, como assim???",2021-02-07 12:02:58+00:00,,
473,@gabriellimaxx_ @CoronavirusBra1 Meu sonho,2021-02-05 17:04:55+00:00,,
474,√â impressionante como a situa√ß√£o pol√≠tica brasileira sempre consegue provar que a piora √© sempre poss√≠vel,2021-02-02 02:17:38+00:00,,
475,"@GOW0NLY √â mas ela n t√° no pared√£o, ent√£o bora tirar o bolsominion q est√°. Quando ela entrar no pared√£o a gente pensa em tirar ela",2021-02-01 22:44:02+00:00,,
476,"Terminei Supernatural e chorei pra cacete.
Caralho, Carry On Wayward Son mexe comigo e essa vers√£o do final me destruiu",2021-01-25 04:56:54+00:00,,
477,@profinfluencer Quarto de Despejo da Carolina Maria de Jesus,2021-01-24 23:25:33+00:00,,
478,@ac_carolinda Esse document√°rio √© perfeito!!!!,2021-01-24 00:59:04+00:00,,
479,@luandecrystal Isso √© na tua cidade amigo? Kkkkkkkkk,2021-01-21 00:59:45+00:00,,
480,@rafcorreia Eu entendi amigo,2021-01-21 00:59:18+00:00,,
481,Vlh a gente n t√° nem perto de come√ßar a produzir o resto das doses da vacina,2021-01-21 00:53:07+00:00,,
482,"@rafcorreia Mais ou menos n√©. N√£o vamos ter a babaquice do trump, mas o biden adora uma interven√ß√£o em outros pa√≠ses e a kamala ama um encarceramento em massa",2021-01-21 00:50:09+00:00,,
483,@wesmath3us @indecodificavel @gabriellimaxx_ https://t.co/7kBA3UzARI,2021-01-20 21:56:45+00:00,,
484,@exaustodesofrer E isso tudo pq ainda temos o SUS que facilita muito todo esse processo,2021-01-20 15:24:31+00:00,,
485,"Gente parece q estamos vacinando em m√©dia 10 k pessoas por dia, nesse ritmo vamos terminar de vacinar a popula√ß√£o brasileira em 6 anos üòîüòî
E nem sabemos se vamos continuar nesse ritmo pq n temos garantia da produ√ß√£o do resto das doses!!!!!",2021-01-20 15:16:10+00:00,,
486,"Vlh assistam os v√≠deos do @canalsemclasse, eles est√£o me ajudando bastante a entender o marxismo",2021-01-18 20:30:37+00:00,,
487,@wesmath3us Eu vou te bater,2021-01-17 02:13:15+00:00,,
488,@DimitraVulcana @davidmirandario Que decep√ß√£o,2021-01-17 02:09:27+00:00,,
489,"@exaustodesofrer @QueenUtica Amigo ela √© perfeita!! Bonita para caralho, engra√ßada e as roupas foram as melhores da temporada at√© agr",2021-01-16 02:08:52+00:00,,
490,"Hooney, the bitch is funny, beautiful and these runway looks are THE BEST @QueenUtica",2021-01-16 02:07:59+00:00,,
491,Im in love with @QueenUtica,2021-01-16 02:06:31+00:00,,
492,"@RodrigoMaia Ooh babaca, pois d√™ in√≠cio a esse processo de impeachment logo #ImpeachmentBolsonaroUrgente",2021-01-16 01:38:13+00:00,,
493,"@TheKandyMuse @trixiemattel Ok that needs to happen, ok miss trace martel @trixiemattel ??",2021-01-16 01:35:59+00:00,,
494,Utica como previsto arrasou pra caralho!!!!,2021-01-16 01:24:53+00:00,,
495,"@trut1nha Sempre, fa√ßo quest√£o de quando for dar presente, ser um livro",2021-01-15 23:08:29+00:00,,
496,"Olhe a pessoa ganhar um broche quando vence um maxi challenge, eu n supero",2021-01-14 22:52:42+00:00,,
497,Eu amo o quanto Drag Race UK humilha o meu ingl√™s,2021-01-14 22:34:24+00:00,,
498,Eita viagem da mulesta esse clipe de Lana,2021-01-12 02:29:38+00:00,,
499,"Pqp que m√£o perfeita, meu objetivo de tattoo e unhas üòçüòçüòçüòç https://t.co/BVMEbnGcsB",2021-01-11 20:02:26+00:00,,https://twitter.com/alinadurso/status/1348438822565126144
500,Esse show da Kylie √© viciante,2021-01-11 20:00:09+00:00,,
501,"Pessoas fazendo aglomera√ß√µes...
√â h√©tero? ""Nem vou me estressar com isso"" 
√â viado? ""Vou postar not√≠cia/exposed em todos os locais""

√â impressionante como a galera tem facilidade pra odiar viado",2021-01-11 04:46:51+00:00,,
502,@lsmaelxlucas E eu fiz 6 anos amigo hehehe Dezembro de 2014 faz um tempo,2021-01-11 03:48:16+00:00,,
503,@michellevisage Its perfect right?,2021-01-11 03:06:16+00:00,,
504,@tteusao Eu amei esse v√≠deo amigo kkkkkkkk,2021-01-11 02:57:38+00:00,,
505,@askmelblack Segura essa marimba,2021-01-11 02:42:36+00:00,,
506,@luaintheskywd Opa,2021-01-09 03:42:33+00:00,,
507,@eduardopds S√≥ vamo,2021-01-08 03:50:53+00:00,,
508,@eduardopds Eu pensei nisso tbm e entrei em desespero pq n fiz poscomp no final do ano passado,2021-01-08 03:50:01+00:00,,
509,"@eduardopds Tipo a matr√≠cula da turma 2021.2 do mestrado vai ser em agosto, a gradua√ß√£o estar√° no come√ßo do 2020.2",2021-01-08 03:49:04+00:00,,
510,"@eduardopds Acho q n, pq os calend√°rios da gradua√ß√£o e da p√≥s est√£o bem longe um do outro",2021-01-08 03:47:45+00:00,,
511,@eduardopds E quando tu se forma?,2021-01-08 03:03:25+00:00,,
512,Ochi e essa queda de energia?,2021-01-08 02:37:04+00:00,,
513,@joaoazevedolins com essa divulga√ß√£o do resultado da corovac como fica a situa√ß√£o da Para√≠ba?,2021-01-07 21:46:31+00:00,,
514,"@exaustodesofrer Eu quero q seja, imagine o o bafafa",2021-01-07 02:25:11+00:00,,
515,"@exaustodesofrer Isso foi a primeira coisa que me veio na cabe√ßa, mas fiquei: ""acho q n..."" Eu t√¥ passado",2021-01-07 02:15:44+00:00,,
516,Qual o rumor q rolando entre o Kanye west e o Jeffree Star??,2021-01-07 02:07:26+00:00,,
517,@eduardopds N t√¥ contando com isso,2021-01-06 15:53:59+00:00,,
518,@wesmath3us @mttsatanas @cibollinha Bom dia amigo!!! Kkkkk,2021-01-04 11:48:39+00:00,,
519,Ei mas parem com essa babaquice de #ciro2022 tbm,2021-01-03 16:27:55+00:00,,
520,@tasnimcx Algu√©m interpreta ae! https://t.co/9V0LT5T6vU,2021-01-03 16:16:05+00:00,,
521,VLH!!!!!! https://t.co/00K6pkliYf,2021-01-03 16:13:50+00:00,,https://twitter.com/sinistramemes/status/1345524440327729152
522,"@rafcorreia Passado, siiim!!",2021-01-02 04:08:52+00:00,,
523,Lala Ri √© muito linda,2021-01-02 01:19:36+00:00,,
524,@luandecrystal Computa√ß√£o √© o futuro,2021-01-02 01:19:23+00:00,,
525,"Vlh pra vc acumular 1 bilh√£o, tem que receber mais de 1 milh√£o por m√™s por 80 anos!!!!! O bilion√°rio √© um bicho trabalhador viu https://t.co/fptOhWSAcq",2021-01-02 01:16:36+00:00,,https://twitter.com/coimbrasousa/status/1345137635350761472
526,"Pqp Rupaul t√° linda demais, Raven consegue melhorar essa maquiagem toda temporada",2021-01-02 01:10:31+00:00,,
527,COME√áOU!!!!!!!!,2021-01-02 01:05:14+00:00,,
528,@lukehxh Eu fiquei em quarto. Tomara  que me ajude em algo kkkkk,2021-01-02 00:24:26+00:00,,
529,Que horas o ep de rupaul passa mesmo?,2021-01-01 23:45:01+00:00,,
530,V√£o se fuder com essa de Lula2022,2021-01-01 19:46:16+00:00,,
531,Por favor universo escute essa mulher!!!!!!!! https://t.co/M4GTJXwzhk,2021-01-01 04:52:12+00:00,,https://twitter.com/ErikakHilton/status/1344850254026440705
532,Eu s√≥ quero fazer mais tatuagens em 2021,2021-01-01 03:15:09+00:00,,
533,Eu n√£o acredito mais no Brasil,2020-12-31 16:42:16+00:00,,
534,@_literamundo At√© hoje eu n entendo aquilo,2020-12-30 16:05:51+00:00,,
535,E vacinando a popula√ß√£o https://t.co/TIxsMK2ZM1,2020-12-30 15:44:27+00:00,,https://twitter.com/maircos/status/1344244755983695873
536,@nicolesribeiro @Alana15Lima Sim,2020-12-30 15:35:33+00:00,,
537,@wesmath3us @jardelferreiro @gabriellimaxx_ Vou mandar pra ela,2020-12-30 02:59:33+00:00,,
538,@lanadeholanda Muitoooo!,2020-12-30 02:46:02+00:00,,
539,T√¥ orgulhoso da minha persist√™ncia com Supernatural,2020-12-30 02:33:16+00:00,,
540,"@giovana_bo Siiim, teve um dias desses q a minha fam√≠lia sentou e assistiu todas as performances dela",2020-12-30 02:09:46+00:00,,
541,@cardipower Claudia Borges,2020-12-29 21:15:16+00:00,,
542,"@NPTO Mais ou menos n√©, imagina a situa√ß√£o se fosse um candidato do NOVO",2020-12-29 19:05:43+00:00,,
543,@d4ndara Eu fico passado na aleatoriedade kkkkkk,2020-12-29 17:48:35+00:00,,
544,???????? https://t.co/PTJ0z3387c,2020-12-29 16:26:02+00:00,,
545,Vlh um crossover de Supernatural com Scooby Doo https://t.co/5SEl1sUGV8,2020-12-29 16:24:22+00:00,,
546,@ISSilva40 Same feeling,2020-12-29 04:09:41+00:00,,
547,@cadelinhafenty4 @Eu_Diogoo A minha √∫ltima foi provavelmente em 2012 üíÉüíÉ,2020-12-29 03:16:55+00:00,,
548,Como q eu me acordei de 11 hrs hj e j√° estou com sono,2020-12-29 03:14:24+00:00,,
549,@trut1nha üòçüòçüòç,2020-12-29 01:25:16+00:00,,
550,@hmcpedro Eu sou a pintosa maluca,2020-12-29 01:24:59+00:00,,
551,@morrergo Eu paro de fazer oq eu tiver fazendo e s√≥ volto pra cozinha se tiver vazia,2020-12-29 01:04:46+00:00,,
552,@wesmath3us @shantayficagay @jadysjose @exaustodesofrer Eita porra!!!!,2020-12-27 15:21:00+00:00,,
553,@ac_carolinda T√¥ do mesmo jeito,2020-12-25 13:52:02+00:00,,
554,Continua esquisito,2020-12-25 11:59:24+00:00,,
555,Eu quero mais tatuagens,2020-12-25 03:52:41+00:00,,
556,Hoje t√° esquisito,2020-12-25 02:41:14+00:00,,
557,"@ac_carolinda Mulher o povo tava reclamando dele esses dias, pq parece q d√° pra identificar a carta por tr√°s",2020-12-24 15:11:22+00:00,,
558,Lan√ßaram um multiverso em Supernatural vlh üòíüòí,2020-12-24 03:55:36+00:00,,
559,Algu√©m tem q parar esses imundos https://t.co/XO5Ig0qBJn,2020-12-23 14:58:21+00:00,,https://twitter.com/deccache/status/1341572483800035328
560,"@lukehxh N√£o amigo!!! Termine Aang antes, vc vai ter uns spoilers em Korra",2020-12-23 13:52:40+00:00,,
561,"E eu q tava assistindo o especial de fim de ano do Roberto Carlos, algu√©m me salva",2020-12-23 13:38:54+00:00,,
562,"@mattsandria Amigo uqe gatilho, sdds daquelas canas",2020-12-23 13:36:51+00:00,,
563,"@lukehxh Eu sou muito fanboy das duas lendas, √© √≥timo n√©?",2020-12-23 13:36:16+00:00,,
564,@LittlePipica Tu n terminou?,2020-12-23 12:53:34+00:00,,
565,@LittlePipica Num √© perfeito??,2020-12-23 12:44:16+00:00,,
566,@wesmath3us @luanlovato Melhora tudo kkkkk,2020-12-23 03:07:44+00:00,,
567,@wesmath3us @BonddDanny @kayabixa @pabllovittar @luisasonza @Anitta @flavioverne Maravilhosaaas!!!!!!,2020-12-22 18:51:02+00:00,,
568,"@viioloncella Eu vi uma frase esses dias que reflete muito bem isso: ""o isento j√° escolheu o lado mais forte""",2020-12-22 03:06:50+00:00,,
569,"@MatheuIan Oh amigo, vamos conversar? Hehe",2020-12-22 01:17:25+00:00,,
570,@tteusao Pois na primeira j√° foi aqui kkkk,2020-12-22 00:16:21+00:00,,
571,"Que m√∫sica perfeita, que clipe lindo!!! #modoturbo",2020-12-22 00:13:34+00:00,,
572,CARALHOOOO!!! #modoturbo,2020-12-22 00:04:01+00:00,,
573,Liberal consumindo conte√∫do de coach --&gt; revirando os olhos at√© cegar,2020-12-21 23:57:51+00:00,,
574,"√ìdio de gente que vem com essa: ""n√£o gosto de discutir pol√≠tica"".",2020-12-21 22:53:08+00:00,,
575,"@wesmath3us @joesimpson727 Passado, al√©m de n conhecer outros paises, acham q a Africa √© um pa√≠s. Imperialismo comendo no centro do planejamento pedag√≥gico dos EUA",2020-12-21 19:24:38+00:00,,
576,O estresse de querer entrar de f√©rias para se livrar das obriga√ß√µes e ficar se obrigando a curtir as f√©rias da melhor forma poss√≠vel,2020-12-21 16:54:35+00:00,,
577,"@lukehxh Amigo eu t√¥ tentando tbm, mas t√° dif√≠cil",2020-12-21 16:51:10+00:00,,
578,@74grabowski Que???,2020-12-21 16:47:49+00:00,,
579,"Vlh eu tava fazendo as contas da minha nota se tivesse tentado o mestrado, eu tinha passado!!!!! Tomara q usem o cra ano que vem de novo",2020-12-21 16:34:45+00:00,,
580,Tentando estudar flask nessa altura do campeonato,2020-12-21 16:31:14+00:00,,
581,@ac_carolinda Eu amo,2020-12-21 12:01:04+00:00,,
582,Esse final de Tatuagem √© muito triste,2020-12-21 03:32:36+00:00,,
583,@ComboFelipe Consci√™ncia de classe t√° afetando tbm,2020-12-21 03:18:13+00:00,,
584,@mylaura_m Caramba vlh üòî,2020-12-21 03:16:04+00:00,,
585,@mattsandria The same here,2020-12-21 02:42:15+00:00,,
586,@Neidsonranngel Aceitaria sim,2020-12-20 15:37:23+00:00,,
587,@mdcpvs Tomara q a vacina saia antes,2020-12-20 02:54:58+00:00,,
588,Peguei Covid https://t.co/NlXqGcxVmB,2020-12-20 01:25:41+00:00,,https://twitter.com/NazareAmarga/status/1340353138109390848
589,"Vlh, t√° foda",2020-12-19 03:36:58+00:00,,
590,@LittlePipica √â perfeito num √©?? Melhor Anima√ß√£o!,2020-12-19 02:07:01+00:00,,
591,@luandecrystal Que coisa maravilhosa amigo ‚ô•Ô∏è‚ô•Ô∏è‚ô•Ô∏è‚ô•Ô∏è,2020-12-19 01:52:57+00:00,,
592,@mattsandria Pq tu coloca no 1.5x?? Que pecado,2020-12-19 01:51:24+00:00,,
593,A america latina sofre at√© hoje com o imperialismo. E a interven√ß√£o dos pa√≠ses dominantes √© uma das maiores causas dos nossos problemas.,2020-12-18 14:53:23+00:00,,
594,"""...[nossos] problemas s√£o importados"" @safbf https://t.co/kcpjB6nI9r",2020-12-18 14:52:57+00:00,,
595,"@guilmoliva @born_cimento Uma das minhas s√©ries favoritas, The Get Down ‚ù§Ô∏è‚ù§Ô∏è‚ù§Ô∏è‚ù§Ô∏è",2020-12-18 01:03:09+00:00,,
596,Nunca participei de confraterniza√ß√£o da firma,2020-12-17 22:58:53+00:00,,
597,"@viioloncella Eu t√¥ arrumando coragem, a pregui√ßa de organizar post e stories veio",2020-12-17 17:26:08+00:00,,
598,Acho q vou criar um Instagram liter√°rio,2020-12-17 16:01:43+00:00,,
599,@gabrieldread O skoob,2020-12-17 03:47:14+00:00,,
600,"@tteusao Que, onde?",2020-12-17 03:45:28+00:00,,
601,@trut1nha .,2020-12-17 03:43:06+00:00,,
602,Pq a galera s√≥ percebe o curso das coisas quando j√° est√£o no extremo em?,2020-12-17 03:06:28+00:00,,
603,@d4ndara Eu quero!!!?,2020-12-16 12:51:36+00:00,,
604,"@ErikakHilton Pirataria nela, at√© a gente expropriar",2020-12-16 01:23:27+00:00,,
605,"@oleolacerda Ochi vala, depois quero saber quem foi",2020-12-15 17:09:46+00:00,,
606,@oleolacerda Em Olivedos?,2020-12-15 16:43:08+00:00,,
607,AAAAAAAA DRAG RACE UK VAI COME√áAR DIA 14 DE JANEIRO AAAAAAA,2020-12-15 12:36:43+00:00,,
608,"@mattsandria N conhecia, vou olhar",2020-12-15 04:03:42+00:00,,
609,@LittlePipica üò≤ kkkkkkkkkkk,2020-12-15 03:41:45+00:00,,
610,S√≥ as exot√©ricas de computa√ß√£o hj no discord,2020-12-15 03:39:58+00:00,,
611,@LittlePipica Kkkkkkkk tenho q melhorar minhas interpreta√ß√µes,2020-12-15 03:38:40+00:00,,
612,"@mattsandria N vai, qual √©?",2020-12-15 03:33:37+00:00,,
613,O dinheiro p√∫blico n deve ser direcionado √†s empresas privadas #Fundeb√âP√∫blico,2020-12-14 14:13:14+00:00,,
614,"Eu amo que a galera liberal ama meter o pau no estado, mas piram numa interven√ß√£o estatal quando o assunto √© dinheiro #Fundeb√âP√∫blico",2020-12-14 14:11:51+00:00,,
615,"@mattsandria Amigo d3 √© coisa do dem√¥nio, aquilo me assusta at√© hoje",2020-12-13 15:03:26+00:00,,
616,@victoralmeidap E eu s√≥ 4 üò≤,2020-12-13 15:02:40+00:00,,
617,"Yeahh!! The best show ever, congratulations @trixiemattel and @katya_zamo #streamys https://t.co/NMHiC6KA3Y",2020-12-13 12:17:07+00:00,,https://twitter.com/streamys/status/1337958847110021121
618,@umbookaholic Capit√£es da Areia,2020-12-13 00:42:52+00:00,,
619,@wesmath3us @gabriellimaxx_ @coroadefrade Vcs n me respeitam kkkkkkkk,2020-12-13 00:07:44+00:00,,
620,@wesmath3us @gabriellimaxx_ @coroadefrade vcs comigo!! Kkkkkk https://t.co/l64Q3IfI3l,2020-12-12 22:57:19+00:00,,https://twitter.com/sue_svc/status/1337364374009344000
621,@LittlePipica amigo acho que esses s√£o um bom come√ßo,2020-12-11 21:43:42+00:00,,
622,@LittlePipica https://t.co/2BULE7Mait,2020-12-11 21:43:28+00:00,,
623,@LittlePipica https://t.co/NrGAF9FopD,2020-12-11 21:43:21+00:00,,
624,@LittlePipica https://t.co/HNdhXSOJpW,2020-12-11 21:40:30+00:00,,
625,@LittlePipica https://t.co/XYLEy8Bt3X,2020-12-11 21:39:45+00:00,,
626,@LittlePipica https://t.co/nKJ0DeKiSH,2020-12-11 21:39:31+00:00,,
627,Fazer consulta de vista √© t√£o ruim,2020-12-11 11:44:13+00:00,,
628,"@Jeremia35664107 Homens heteros se atraem por mulheres, gays n s√£o mulheres, isso n seria homofobia. Mas um homem trans √© um homem e gays se atraem por homens. Essa sua compara√ß√£o n faz sentido",2020-12-10 19:31:06+00:00,,
629,@felipellopez25 @Sr_Ar_Mais @hmcpedro @Leo__bs E com certeza ela eram bem antes disso tbm,2020-12-10 13:47:54+00:00,,
630,"@felipellopez25 @Sr_Ar_Mais @hmcpedro @Leo__bs Eu n disse q a luta come√ßou em Stonewall, eu falei que as gays s√£o transf√≥bicas desde aquela √©poca.",2020-12-10 13:47:27+00:00,,
631,"@felipellopez25 @Sr_Ar_Mais @hmcpedro @Leo__bs N√£o meu anjo eu n disse isso, eu falei ""grande parte"", isso n significa a totalidade. Os gays estavam participando tbm, mas muitos como vc querem negar o papel trans nesse luta. Vai estudar hist√≥ria menino",2020-12-10 13:41:39+00:00,,
632,"@felipellopez25 @Sr_Ar_Mais @hmcpedro @Leo__bs realmente elas lutaram muito pelos gays, inclusive grande parte da luta para  conseguir a liberdade q tu tem hoje, foi responsabilidade delas",2020-12-10 13:37:59+00:00,,
633,o povo acha que eu canso,2020-12-10 13:35:40+00:00,,
634,"@felipellopez25 @Sr_Ar_Mais @hmcpedro @Leo__bs realmente, est√£o desde a revolta de Stonewall sendo transf√≥bicos, pq parariam em 2020?",2020-12-10 13:35:22+00:00,,
635,@felipellopez25 @Sr_Ar_Mais @hmcpedro @Leo__bs Menino eu t√¥ amando os transf√≥bicos f√£s da JK colocando as garrinhas de fora hj,2020-12-10 13:31:23+00:00,,
636,@JulioMarinho @DimLucca @CaikeTortelli @Sr_Ar_Mais @PereiraCar_ASF @Antnoo2 @Leo__bs Realmente v√° procurar ajuda profissional,2020-12-10 13:29:15+00:00,,
637,"@JulioMarinho @DimLucca @CaikeTortelli @Sr_Ar_Mais @PereiraCar_ASF @Antnoo2 @Leo__bs E assim a gente vai evoluir como sociedade, tendo pregui√ßa de repensar sua posi√ß√£o no mundo e mando os outros cuidarem de seus gatilhos",2020-12-10 13:25:33+00:00,,
638,"@JulioMarinho @DimLucca @CaikeTortelli @Sr_Ar_Mais @PereiraCar_ASF @Antnoo2 @Leo__bs E eu n t√¥ falando para vcs ficarem com pessoa x e y. Eu t√¥ falando para vcs tentarem perceber como seus desejos funcionam, pq as vezes isso pode machucar a exist√™ncia de outra pessoa",2020-12-10 13:20:57+00:00,,
639,"@JulioMarinho @DimLucca @CaikeTortelli @Sr_Ar_Mais @PereiraCar_ASF @Antnoo2 @Leo__bs Minha quest√£o √© a seguinte, quando vc fala: n me relaciono com homens trans, ou homens pretos, ou homens gordos. Tudo isso √© preconceito e a dificuldade de homens gays perceberem isso √© muito grande",2020-12-10 13:19:33+00:00,,
640,@JulioMarinho @DimLucca @CaikeTortelli @Sr_Ar_Mais @PereiraCar_ASF @Antnoo2 @Leo__bs Frustra√ß√£o afetiva? Eita mulesta kkkkkkk,2020-12-10 13:12:02+00:00,,
641,@DimLucca @JulioMarinho @CaikeTortelli @Sr_Ar_Mais @PereiraCar_ASF @Antnoo2 @Leo__bs E vcs s√£o preconceituosos,2020-12-10 13:09:23+00:00,,
642,"@JulioMarinho @Sr_Ar_Mais @hmcpedro @Leo__bs Realmente n h√° mesmo, se eu pudesse fazer algo n existiria tantos gays  propagando transfobia com discurso de direito individual",2020-12-10 13:03:51+00:00,,
643,"@JulioMarinho @CaikeTortelli @Sr_Ar_Mais @PereiraCar_ASF @Antnoo2 @Leo__bs Eu n falei q iria decidir nada de ningu√©m. Estou questionando essa limita√ß√£o em se relacionar com homens trans, q √© puro preconceito.",2020-12-10 13:01:12+00:00,,
644,"@DimLucca Deixa de ser burro, vai ler um livro, n sabe nem a diferen√ßa de sexualidade e desejo",2020-12-10 12:59:06+00:00,,
645,"@DimLucca √â escroto sim, mulher masculinizada meu cu, √© Homem Trans",2020-12-10 12:58:24+00:00,,
646,"@CaikeTortelli @Sr_Ar_Mais @PereiraCar_ASF @Antnoo2 @Leo__bs Tu chega num local, v√™ um boy lindo, cheiroso, gostoso, engra√ßado, se vestindo bem, dando mole pra tu. Ai tu vai e nega a chance por ele ser trans, como isso se chama? TRANSFOBIA!",2020-12-10 11:01:44+00:00,,
647,"@CaikeTortelli @Sr_Ar_Mais @PereiraCar_ASF @Antnoo2 @Leo__bs N, mas aceitar isso como se fosse s√≥ o seu desejo √© transfobia. Negar a possibilidade de gostar de algu√©m trans √© transfobia.",2020-12-10 10:59:40+00:00,,
648,"@CaikeTortelli @Sr_Ar_Mais @PereiraCar_ASF @Antnoo2 @Leo__bs Vamos l√° ent√£o, nenhum de vcs chegaram nessa hr, vcs est√£o negando atra√ß√£o a um grupo inteiro, por qual motivo? Se isso n √© a defini√ß√£o exata de preconceito eu n sei mais oq √© preconceito",2020-12-10 10:55:11+00:00,,
649,"@CaikeTortelli @Sr_Ar_Mais @PereiraCar_ASF @Antnoo2 @Leo__bs Existem sim, conhe√ßo v√°rias!",2020-12-10 10:53:12+00:00,,
650,"Se vc sente atra√ß√µes por homens e afirma q n se atrair por homens trans, vc √© TRANSF√ìBICO!",2020-12-10 10:49:08+00:00,,
651,"@CaikeTortelli @Sr_Ar_Mais @PereiraCar_ASF @Antnoo2 @Leo__bs Eu julgo sim, um monte de viado perpetuando preconceito. V√£o repensar teus desejos, isso n √© dif√≠cil n.",2020-12-10 10:45:32+00:00,,
652,"@Sr_Ar_Mais @hmcpedro @Leo__bs Realmente n √© dif√≠cil, gay escroto babaca que s√≥ pensa em piroca, esse √© o motivo",2020-12-10 10:42:37+00:00,,
653,"@gustavohmdss @discoverbutnach @hmcpedro @BryannaNasck O boy afirma ""nunca me apaixonaria por um homem trans"" e acha q n √© transfobia",2020-12-10 02:22:17+00:00,,
654,"@gustavohmdss @discoverbutnach @hmcpedro @BryannaNasck Mas √© claro q √© transfobia, n internalizada, escrachada mesmo",2020-12-10 02:21:23+00:00,,
655,@martalais_ üòçüòçüòç,2020-12-10 01:34:38+00:00,,
656,@wesmath3us @dragliciouz Passado!!!!! J√° quero muito essa temporada,2020-12-10 01:33:33+00:00,,
657,@matth_calistro Eu tomo 4L de boa,2020-12-09 23:09:12+00:00,,
658,@eduardopds @juliobguedes üëÄ,2020-12-09 22:15:49+00:00,,
659,@LittlePipica QUE LINDOOO! üòçüòçüòçüòç,2020-12-09 19:31:13+00:00,,
660,Ela sabe que as elei√ß√µes foram para Assembleia Nacional? https://t.co/SCfmdRbmeA,2020-12-09 19:28:06+00:00,,https://twitter.com/janainalimasp/status/1335973065767915520
661,"2021 n pode me enganar, come√ßando o ano j√° com #DragRace tem q ser um ano melhor q 2020 https://t.co/scAid8qchg",2020-12-09 19:26:02+00:00,,https://twitter.com/RuPaulsDragRace/status/1336724898765557760
662,@LittlePipica S√©rio?? Cad√™?,2020-12-09 19:22:39+00:00,,
663,Como eu saio de casa/como queria sair https://t.co/0fdRi3ZjqT,2020-12-09 19:19:24+00:00,,
664,#NewProfilePic https://t.co/tqNqeOG1jg,2020-12-09 19:16:42+00:00,,
665,@eduardopds Deu certo amigo?,2020-12-09 16:48:36+00:00,,
666,"@d4ndara Arrasou, eu ainda t√¥ no ep 7 da 12¬™ temporada üòîüòî",2020-12-09 01:28:08+00:00,,
667,Vamos l√° tentar colocar Supernatural em dia,2020-12-09 01:14:29+00:00,,
668,"@wesmath3us @wwwmlna @gabriellimaxx_ N sei, mas quero",2020-12-08 20:00:44+00:00,,
669,Pq organizar/escrever refer√™ncia √© t√£o chato? Vlh eu queria tanto colocar s√≥ a lista com tudo q usei.,2020-12-08 03:45:04+00:00,,
670,"@m4dmari @viioloncella Nam gente, tem condi√ß√µes n. Eu nunca ia conseguir fazer nada disso kkkk",2020-12-08 03:39:23+00:00,,
671,@viioloncella @m4dmari Eu t√¥ passado com essa sua capacidade,2020-12-08 03:33:50+00:00,,
672,@LittlePipica Coragem,2020-12-08 03:28:55+00:00,,
673,"@nxthanwww Isso √© legal, tbm fiz kkkkkkk",2020-12-08 03:26:29+00:00,,
674,"@viioloncella N√£o ai vc passou dos limites, como q tu consegue? S√≥ pela ansiedade da dor eu n iria dormir kkkkkkkk",2020-12-08 03:23:47+00:00,,
675,"@eduardopds @mattsandria Ochi, quem danado ia colar uma resposta q o m√≠nimo era duas laudas",2020-12-08 03:22:50+00:00,,
676,@eduardopds @mattsandria S√©rio? Foi nesse √∫ltimo muido das notas baixas?,2020-12-08 03:18:59+00:00,,
677,"Um exemplo de empresa dando visibilidade, como se s√≥ ser vis√≠vel fosse o bastante https://t.co/DblDw0LrmR",2020-12-08 03:17:57+00:00,,https://twitter.com/DimitraVulcana/status/1336124944011423744
678,@LittlePipica Pq??,2020-12-08 03:16:32+00:00,,
679,@giovana_bo Eu pego sem dificuldade kkkkk,2020-12-07 19:26:46+00:00,,
680,Vcs dormem quando est√£o no dentista? Tipo na cadeira de ser atendido,2020-12-07 18:25:49+00:00,,
681,@luandecrystal Amigo s√≥ vem,2020-12-07 18:22:33+00:00,,
682,@luandecrystal Foi s√≥ largar o Instagram,2020-12-07 18:19:26+00:00,,
683,Leiam! https://t.co/kE6KMy2DeM,2020-12-07 18:01:21+00:00,,https://twitter.com/thiagoavilabr/status/1335979757335441409
684,@AntunesDantas Muito nada a ver,2020-12-07 17:12:19+00:00,,
685,"@omrmatias J√° lancei essa dentro de um servidor, dei enter tremendo kkkkkk",2020-12-07 15:37:26+00:00,,
686,"@VictorHundo N√£o, as notas de AS q sa√≠ram nesse formato kkkkk",2020-12-07 15:36:33+00:00,,
687,Oq danado √© um arquivo .mht?,2020-12-07 15:29:55+00:00,,
688,"@eduardopds Meu sonho, mas ainda tenho üò≠",2020-12-07 13:53:59+00:00,,
689,Eu odeio quando acordo cedo achando q a aula era √†s 8,2020-12-07 11:31:29+00:00,,
690,@cadelinhafenty4 @Alana15Lima Nunca erramos,2020-12-07 03:16:14+00:00,,
691,N√£o terminei de escrever ainda üò≠üò≠üò≠üò≠ https://t.co/GIn1dxgaw9,2020-12-07 03:15:58+00:00,,
692,@cadelinhafenty4 @Alana15Lima V√™nus em √°ries üòáüòá,2020-12-07 03:13:23+00:00,,
693,"Toda vez q tenho paci√™ncia de explicar, conto uma hist√≥ria diferente https://t.co/ztrsbAJ8c9",2020-12-07 02:20:13+00:00,,https://twitter.com/lacerda/status/1335703124347150338
694,Vlh fazia tanto tempo que tinha escrito um an√°lise/pesquisa na gradua√ß√£o,2020-12-07 01:36:24+00:00,,
695,"@KiwiLover6 Odeio isso, n faz sentido. N √© organiza√ß√£o, vc t√° ilustrando sua estante s√≥ kkkkkk",2020-12-06 20:49:58+00:00,,
696,"N√£o h√° alternativa! 
https://t.co/TSb6YM08s1",2020-12-06 14:56:04+00:00,,
697,@oleolacerda @R1ck_thenbhd Amoooo,2020-12-06 12:15:53+00:00,,
698,Eu tenho q parar de beber,2020-12-05 23:25:01+00:00,,
699,"@tteusao Ochi menino, da pr√≥xima vc deixa eu escolher a bebida e a quantidade",2020-12-05 16:35:30+00:00,,
700,@Andersonfvidal Sonho,2020-12-04 23:42:03+00:00,,
701,@cadelinhafenty4 Eu ainda n superei,2020-12-04 20:47:25+00:00,,
702,Tomando coragem pra fazer um neg√≥cio ali,2020-12-04 04:05:41+00:00,,
703,@ac_carolinda Kkkkkkkkkk,2020-12-03 21:36:37+00:00,,
704,@tteusao @lukehxh Eu vou ter q enfrenta-la semestre q vem üòîüò≠,2020-12-03 21:18:36+00:00,,
705,@tteusao @lukehxh Pq ele t√° programando em java?,2020-12-03 20:44:59+00:00,,
706,"@Alana15Lima Vc n brinque com isso, vou printar esse tweet pra te cobrar depois",2020-12-03 20:44:23+00:00,,
707,"@viioloncella Eu vou deixar assim por enquanto, t√° sendo legal",2020-12-03 20:40:31+00:00,,
708,@hsxpttmrl Agr eu entendi kkkkkkk,2020-12-03 20:39:40+00:00,,
709,"Ochi, oq diabo √© semibissexual?",2020-12-03 18:00:57+00:00,,
710,"@viioloncella @luandecrystal Eu morro de medo e queria fugir o m√°ximo que posso dele, mas vai ser dif√≠cil",2020-12-03 17:56:27+00:00,,
711,"@Amand_io Eiiiii, eu falei q ia surtar quando visse alguma aglomera√ß√£o de cc",2020-12-03 17:55:04+00:00,,
712,"Desativei meu Instagram, nem eu sei o pq",2020-12-03 17:52:42+00:00,,
713,Eu tenho que parar de surtar em rede social,2020-12-03 17:52:21+00:00,,
714,Olha as ideias dos liberais https://t.co/hifyteIJLE,2020-11-29 18:09:29+00:00,,https://twitter.com/lumndes/status/1332658383904714752
715,PORRA @pabllovittar #BANDIDA https://t.co/TdlDaaZA1Q,2020-11-27 14:10:40+00:00,,
716,Eu quase desmaio com esse clipe de #BANDIDA @pabllovittar,2020-11-27 14:06:02+00:00,,
717,se eu ver alguma aglomera√ß√£o de cc sem me chamar eu vou surtar viu,2020-11-27 02:27:51+00:00,,
718,@tteusao irei s√°bado (serei cancelada?),2020-11-27 01:10:31+00:00,,
719,@eduardopds sim!!!!!!!!,2020-11-27 01:02:54+00:00,,
720,@tteusao tu n xinga o cd da pabblo visse,2020-11-27 01:00:59+00:00,,
721,@PtkChaaves @wesmath3us teu sonho!,2020-11-27 00:57:39+00:00,,
722,@ddt_azevedo @giovana_bo ficou lindo!!,2020-11-27 00:56:56+00:00,,
723,@pabllovittar o clipe de #BANDIDA tem q entregar igual esse √°lbum viu?,2020-11-27 00:24:41+00:00,,
724,@DELLAFANCY eu estou totalmente pronto!,2020-11-27 00:22:39+00:00,,
725,"Tirando rajad√£o, o resto √© perfei√ß√£o pura. Clima quente com Biu do piseiro √© uma obra de arte!!!",2020-11-27 00:20:44+00:00,,
726,podre esse remix de rajad√£o,2020-11-27 00:19:56+00:00,,
727,"Dormi bem, t√¥ alimentado, com sa√∫de, entendendo os conte√∫dos, cheio de coisas das disciplinas para fazer, mas fazendo um total de 0",2020-11-26 14:21:14+00:00,,
728,hj tive certeza que n√£o aguento mais essa RAE,2020-11-26 14:20:17+00:00,,
729,e vamos de tentar usar o twitter novamente,2020-11-26 14:19:20+00:00,,
730,@martalais_ @tuehmano kkkkkkkkkkkk mulher deixe desse sofrimento,2020-10-16 14:58:48+00:00,,
731,"Eu n entendo a l√≥gica do argumento:
""Todo mundo vai pegar mesmo""
A gente n deveria t√° evitando isso?",2020-06-22 02:04:26+00:00,,
732,"@viioloncella Nam gente, vcs s√£o estranhos",2020-06-19 01:39:10+00:00,,
733,@wesmath3us @riccordeiroo Bom demais kkkkk,2020-06-16 20:33:04+00:00,,
734,T√° dif√≠cil,2020-06-13 14:30:58+00:00,,
735,"@putsthur @jluanz Mulher mas pra q chamar a pobre de hetero, ningu√©m merece ser xingado assim no primeiro oi kkkkkkkk",2020-06-11 17:42:12+00:00,,
736,Bora bora @safbf  #SabrinaRodaviva,2020-06-11 17:12:42+00:00,,
737,@jluanz Eita j√° come√ßou xingando o boy nam kkkk,2020-06-11 11:16:58+00:00,,
738,"@wesmath3us T√° leve ainda amigo, pela hr eles devem estar dormindo ainda, acorda eles com um putaria",2020-06-08 12:25:51+00:00,,
739,Voc√™ t√° lendo a Judith Butler e percebe que precisa ler Foucault. Ai vc vai ler Foucault e percebe que precisa ler Nietzsche. Ai vc t√° lendo Nietzsche e ele t√° criticando um bucado de gente da filosofia ocidental. Desisto. https://t.co/brp9kheSCv,2020-06-07 15:22:51+00:00,,https://twitter.com/HeribaldoMaia/status/1269281744735387648
740,"@viioloncella @molibdenio42 @startupdareal Eu ia tomar de novo esse ano, mas a venda t√° restrita. J√° ia me proteger t√° vendo",2020-06-07 12:51:00+00:00,,
741,@wesmath3us Eu sou um amor todo mundo sabe kkkk,2020-06-07 00:47:47+00:00,,
742,@wesmath3us Eu acho,2020-06-07 00:29:39+00:00,,
743,@caesiufcg @VictorHundo S√≥ orgulho,2020-06-06 11:51:42+00:00,,
744,"Querido seguidor se nessa altura do campeonato vc est√° afirmando ainda que a extrema direita √© a mesma coisa que a extrema esquerda, que s√£o dois lados da mesma moeda, eu s√≥ tenho uma coisa a dizer:

VC √â BURRO PRA CARALHO!!!",2020-06-05 16:44:32+00:00,,
745,@exaustodesofrer Exatamente e sempre vinha uma promessa do beijo pra segurar as bichas na audi√™ncia,2020-06-05 16:33:32+00:00,,
746,"@exaustodesofrer Exatamente, √© sempre o esteri√≥tipo, chaveiro de h√©tero e na verdade sem sexualidade, pq par rom√¢ntico para personagem gay nessas novelas n existe",2020-06-05 16:21:57+00:00,,
747,Marchinha F√∫nebre do @ralarconoficial  √© perfeita vlh!!!!,2020-06-05 15:19:27+00:00,,
748,"Aqui est√° uma m√∫sica para voc√™‚Ä¶ Marchinha F√∫nebre de @ralarconoficial
https://t.co/R9MqVsPzLF",2020-06-05 15:18:40+00:00,,
749,"Tem uma coisa melhor, fazer o almo√ßo escutando @ralarconoficial",2020-06-05 14:48:41+00:00,,
750,Fazendo o almo√ßo escutando Silva √© bom demais,2020-06-05 14:44:14+00:00,,
751,"@wesmath3us @BreakingBedUltd @michellevisage @exaustodesofrer Eu to passado, ela pra ela ser jurada em Legendary",2020-06-05 04:11:36+00:00,,
752,"Achando super interessante estudar dataops, mas cad√™ o foco?",2020-06-04 14:14:02+00:00,,
753,"T√° meio dif√≠cil trabalhar hoje, sem aten√ß√£o e foco algum",2020-06-04 14:13:11+00:00,,
754,@hmcpedro T√¥ desacreditando que vai acontecer üòîüòî,2020-06-04 12:46:00+00:00,,
755,"@tteusao Nunca fiz isso, mas conhe√ßo alguns q mandam pro amigo editar",2020-06-03 22:07:56+00:00,,
756,"@victoralmeidap Livros curtos informativos sobre algum problema social, tipo:
- Pequeno manual antirracista
- Sejamos todos feministas
- Ideias para adiar o fim do mundo",2020-06-03 16:26:02+00:00,,
757,@victoralmeidap Livros sobre a hist√≥ria de algum movimento social,2020-06-03 16:22:31+00:00,,
758,"A gente n√£o pode s√≥ querer o t√≠tulo de antifascista, as nossas a√ß√µes precisam refletir essa vontade https://t.co/iZjyNLMa83",2020-06-02 18:45:22+00:00,,https://twitter.com/Denommus/status/1267509311158222858
759,A pessoa aleat√≥ria vai lavar a lou√ßa come√ßa escutando @ralarconoficial depois @ladygaga @jaloo e termina com @uriassnake,2020-06-02 17:43:14+00:00,,
760,"@jluanz Eu atr√°s das fofocas, n quero mais ficar de fora",2020-06-02 16:34:48+00:00,,
761,"@jluanz Amig n vamos contar com isso, n prometo nada haha",2020-06-02 16:33:24+00:00,,
762,@martalais_ A calor de Olivedos s√≥ piora e eu s√≥ imagino aquela varanda o frio que deve t√°,2020-06-02 16:32:26+00:00,,
763,"@martalais_ Ai mulher nem me fale, amo pagar um aluguel sem usar o apt",2020-06-02 15:38:01+00:00,,
764,Meu resultado aproximado foi Comunismo Libert√°rio. https://t.co/T6v0Z1QsC9 via @idr_labs,2020-06-02 15:36:21+00:00,,
765,"Se o povo t√° achando q vou conseguir narrar oq aconteceu em 2020, est√£o muito enganados, eu j√° esqueci da metade das coisas q aconteceram",2020-06-02 15:25:36+00:00,,
766,@viioloncella √â muita esperan√ßa depositada numa pessoa pregui√ßosa,2020-06-02 15:22:14+00:00,,
767,"Vamos l√°, tentar mais uma vez usar o Twitter",2020-06-02 14:59:43+00:00,,
